Tenure,Gender_Male,Gender_Female,MonthlyCharge,Bandwidth_GB_Year,const
57.62812,0,1,82.49655,4905.287249,1
48.59906,1,0,204.961,4486.299295,1
70.08722,1,0,149.9598,6318.942793,1
10.30326,0,1,127.4783,1463.304212,1
60.5411,1,0,152.4555,5682.484574,1
57.55841,0,1,179.9476,5130.859668,1
68.77621,0,1,210.138,6071.79498,1
3.94227,1,0,104.9643,795.7564584,1
3.212400569,0,1,202.443347,769.8534863,1
9.121337,1,0,112.4551,770.7911152,1
54.74318,1,0,265.147,5128.476246,1
68.69674,0,1,179.9476,6054.623559,1
48.17117,1,0,142.4827,4760.987806,1
6.275924,1,0,117.4392,1196.239363,1
56.03048,1,0,167.4564,4821.711621,1
50.31252,1,0,184.9715,4431.737277,1
56.12583,1,0,134.9509,4796.917237,1
65.50792,0,1,162.4689,5671.770421,1
48.83733,0,1,169.9671,4245.418262,1
54.10768,1,0,149.9776,4780.976448,1
6.979037,0,1,172.4871,992.6561706,1
2.546083,0,1,124.9607,886.9184762,1
9.040057,1,0,197.4876,1380.469032,1
5.879094,0,1,179.9794,713.2732917,1
15.4459,0,1,182.4433,1983.907992,1
61.45515,1,0,207.4974,5486.72348,1
8.498042024,1,0,192.48852,1239.802036,1
71.89521,1,0,129.9926,6237.521195,1
11.51972,0,1,149.9928,1708.389751,1
60.07253,0,1,94.97283,5475.345065,1
2.301772,0,1,222.6281,1224.80823,1
7.812114,1,0,177.6508,1381.709993,1
6.70301496,0,1,267.664655,1319.229599,1
56.63931,0,1,130.0064,4983.295874,1
1.502124145,1,0,139.99789,522.7806578,1
51.87217,0,1,139.9861,4708.151617,1
45.39565,0,1,245.1283,4967.376182,1
69.33909,1,0,117.4686,6430.574874,1
70.52668,0,1,164.9853,6717.631884,1
10.52734,1,0,124.9607,1394.391376,1
55.27092,1,0,139.9979,4957.435146,1
4.924623699,1,0,207.49737,922.1362066,1
61.76369,0,1,182.49,5514.862549,1
65.93142,1,0,194.9744,5985.296176,1
52.41441,0,1,232.6228,4831.531789,1
48.89289,1,0,212.6228,5194.247313,1
8.889790813,0,1,202.636202,1710.907598,1
12.1891,1,0,79.97886,1346.569879,1
17.3999197,1,0,175.133074,1935.461046,1
58.47534,0,1,175.0211,5141.883254,1
56.12834,0,1,147.4783,4805.894692,1
9.450195459,0,1,169.974105,1163.701618,1
51.77963,1,0,149.9707,4604.801873,1
8.631838,1,0,184.961,1745.550396,1
1.784103787,1,0,159.987503,407.5928812,1
71.11137,0,1,162.4608,6683.352536,1
11.92723,0,1,169.9741,1433.513815,1
66.78392,0,1,194.9581,6023.253234,1
4.073125,1,0,267.6427,1571.964276,1
5.714937,1,0,182.447,750.9484926,1
64.93663,1,0,192.4404,5852.299578,1
57.78133,1,0,162.497,5649.03958,1
11.13625,0,1,139.9875,1606.733876,1
64.98806,1,0,162.4653,6205.696339,1
16.49093,1,0,127.4783,2078.823247,1
6.264945,1,0,134.9509,857.5127538,1
2.086431077,0,1,139.934918,922.2958319,1
9.743201772,1,0,252.637807,1577.208717,1
56.1721,0,1,104.9781,5202.311952,1
66.7449,1,0,152.4579,6382.531232,1
3.878694,0,1,112.4551,409.0267699,1
63.67009,0,0,159.9349,5576.065751,1
4.905018,1,0,192.4404,782.6217803,1
62.39033,0,1,202.4433,5349.364775,1
66.32483,0,1,149.9928,6060.021953,1
67.89706,1,0,222.6143,6609.12279,1
66.17964,0,1,124.9607,5988.164218,1
53.48518,0,1,152.5104,4999.929364,1
58.97078,1,0,197.6288,5510.361577,1
9.039309605,0,1,149.988989,1134.880009,1
4.646695,0,1,237.6549,1658.402714,1
17.74303,0,1,192.4705,1958.174563,1
63.23545,0,1,212.6228,6210.36612,1
11.09994,1,0,147.4421,1114.819074,1
3.685081574,1,0,160.00128,539.9859818,1
18.9981,0,1,200.1323,2521.277564,1
49.37752,1,0,175.1331,4554.912177,1
66.23131,1,0,287.6427,6347.9348,1
16.02992,0,1,117.4835,1806.59355,1
67.57266,0,1,159.9794,6280.164053,1
9.548023,1,0,112.4551,1054.031935,1
61.3942,0,1,184.9634,5856.252247,1
66.46538,1,0,275.1336,6277.545967,1
55.10455,1,0,262.6106,5274.080857,1
52.35716,1,0,144.9607,4638.39887,1
71.3009,0,1,192.4885,6074.839425,1
14.31596419,0,1,182.460772,1642.394079,1
49.61816,0,1,242.6281,4764.450406,1
9.062033,1,0,172.4624,1116.289401,1
67.89181,1,0,184.9647,6054.489807,1
57.36372,1,0,159.9512,5095.502574,1
22.79214163,1,0,204.963371,2294.781131,1
60.40651,0,1,162.5299,5234.429593,1
2.446064,1,0,194.9525,1066.183659,1
56.43572,0,0,79.97886,4726.723807,1
57.58191,0,1,129.9621,5500.52688,1
5.798532598,1,0,137.497825,758.6189978,1
61.3125,0,1,152.5022,5460.921432,1
69.09557,0,1,149.9913,6017.868507,1
62.76356,1,0,124.9781,5361.461661,1
69.76544,1,0,127.4887,6174.824996,1
20.96092159,1,0,142.452604,2743.734408,1
53.91548,0,1,192.4705,4745.745988,1
7.028485,1,0,194.9744,896.0733804,1
69.05044,0,1,104.9629,6064.179779,1
2.237975,0,1,139.9678,492.0307787,1
17.18815,1,0,255.1336,2692.714225,1
2.628926,1,0,162.4818,1058.58579,1
65.70769,0,1,265.1283,6091.064644,1
4.164919,0,1,159.9349,577.4706172,1
56.36817,0,1,182.4538,4968.873698,1
59.78701,0,1,179.9656,5144.456729,1
13.31283015,1,0,214.966286,1546.673637,1
5.685414,0,1,270.1604,1812.910095,1
17.08264,1,0,149.9447,2160.951234,1
60.92178,1,0,114.9509,5511.579607,1
1.625652,0,1,197.6288,691.1647876,1
43.69919,0,1,127.4421,4235.170641,1
5.691421867,0,1,154.975543,1396.977223,1
71.36043,1,0,262.6106,6538.478003,1
56.3245,0,1,134.9801,4701.222329,1
9.2766412,0,1,149.959755,1077.09525,1
7.753271168,1,0,164.971516,1412.478266,1
59.42279,0,1,217.4702,5375.898345,1
71.23142,0,1,147.4738,6108.901598,1
58.66601,1,0,104.9629,5084.758938,1
70.24032,0,1,144.9607,5847.100806,1
13.84769517,1,0,164.978458,2137.666732,1
66.03293,0,1,129.9926,5832.81909,1
61.90557,0,1,172.4567,5860.250293,1
7.983887266,0,1,187.642236,990.0555076,1
9.847563364,0,1,184.964681,1113.993679,1
4.801969514,0,1,112.455141,639.3261343,1
8.443528,1,0,220.1185,1280.600763,1
39.32461,0,1,192.4567,3352.072435,1
61.04037,1,0,207.4811,5695.95181,1
8.596278,1,0,184.9496,1431.48792,1
60.49154,0,1,190.127,5934.168034,1
68.93442,0,1,162.4676,6505.956504,1
70.02925,1,0,230.1051,6359.455223,1
65.3851,1,0,165.0182,5902.542522,1
7.896421,1,0,142.5007,1435.659724,1
68.32444,0,1,137.4684,5914.162068,1
2.237136,0,1,142.5007,733.0142637,1
65.04596,0,1,184.967,5948.856328,1
60.15898,1,0,174.9755,5547.950501,1
16.58244758,0,1,182.443347,1981.954133,1
16.56118,0,1,167.4847,2281.384323,1
16.53244292,1,0,147.442069,1727.882293,1
16.22349,1,0,169.9741,1747.966742,1
45.58687,0,1,184.967,4178.995617,1
57.39587,1,0,150.007,5012.390451,1
64.48925,0,1,112.4551,5345.265159,1
47.16189,1,0,172.4624,4464.887759,1
58.51393,1,0,252.6378,5528.201163,1
14.55,0,1,184.9797,1990.499153,1
13.09678,1,0,139.9816,1596.175795,1
63.43732,1,0,195.0062,5527.711581,1
70.54256,0,1,169.9447,6042.727068,1
67.16512,1,0,275.1336,6268.031469,1
3.767302,0,1,169.9928,517.420314,1
60.97795,1,0,257.6513,6273.993497,1
17.52138221,0,1,92.455141,1866.966586,1
15.1418246,0,1,127.458638,1503.123653,1
62.32519,0,1,174.9919,5555.86987,1
46.55143,1,0,129.9621,4616.261041,1
1.534192133,1,0,182.490006,736.9303356,1
63.84205,0,1,159.9656,5910.056992,1
60.45679,0,1,222.6281,6007.023157,1
63.48369,0,1,152.4798,5677.324438,1
1.14019,1,0,127.525,396.3110471,1
7.354812,1,0,150.0208,1099.874685,1
9.060452,0,1,139.965,1304.494778,1
3.260154,0,1,255.1555,887.9936218,1
16.42222,1,0,217.4725,1962.047024,1
13.288,0,1,242.6143,1763.825951,1
8.343625652,1,0,162.446995,1515.532948,1
15.08846657,1,0,242.657291,2072.561109,1
57.20149,0,1,117.4835,4899.037694,1
56.86301,1,0,172.4404,5669.10693,1
65.06381,0,1,137.4872,5512.596647,1
64.1725,1,0,139.9875,5927.225005,1
39.35678,1,0,194.9882,3850.583581,1
9.797427154,1,0,142.499263,1250.94478,1
3.196943016,0,1,275.119794,830.61429,1
71.27557,0,1,182.4608,6321.378623,1
58.87396,1,0,117.4872,5375.881358,1
14.6317,1,0,104.9643,1655.231847,1
6.184122,0,1,94.97283,1189.368234,1
11.95255483,1,0,179.979358,1232.913132,1
62.43544,1,0,184.9496,5823.280926,1
2.123318,0,1,172.4555,583.6805521,1
66.73836,1,0,132.5127,5961.319084,1
2.731606393,0,1,157.469817,306.0664281,1
18.55263,1,0,232.652,2274.334534,1
61.60969,0,1,187.6422,5596.424346,1
69.026,1,0,187.6094,6768.348896,1
64.15566,0,1,265.1283,5917.993233,1
50.88709,1,0,132.4798,4992.984164,1
67.26027,0,1,257.6549,6282.975764,1
71.21292,1,0,217.4702,6364.501793,1
2.162477942,0,1,210.138,673.9015902,1
62.2002,1,0,275.1336,6055.20888,1
10.90397471,1,0,277.63748,1710.958869,1
67.5746,1,0,207.4673,6026.66605,1
59.43102,1,0,184.9647,5361.231393,1
56.39145,0,1,137.4836,5231.943657,1
20.51646,0,1,127.525,1859.777405,1
9.534696,0,1,137.4686,847.6690217,1
48.66437,0,0,162.447,4763.445879,1
10.94068,0,0,182.4676,1326.472227,1
5.261212465,0,0,212.655686,1101.650764,1
2.506101194,1,0,255.155493,1084.371719,1
56.20378,0,1,112.4844,4551.440341,1
71.15596,0,1,139.965,6783.004249,1
61.73523,0,1,217.484,5595.740821,1
63.84542,0,1,159.9476,5955.858742,1
19.76529476,0,1,200.118516,2441.022927,1
61.67482,1,0,139.9512,5773.715899,1
68.15887,0,1,152.4441,6179.798997,1
38.8517,1,0,157.4836,3462.288487,1
9.38712707,0,1,277.651257,1712.794495,1
68.41518,1,0,127.4958,5925.975679,1
59.29981,1,0,240.1149,5527.671776,1
17.15829,0,1,222.6143,2541.621959,1
68.7816,0,1,255.1198,6693.382735,1
13.85176,1,0,192.4404,1584.550026,1
58.42342,0,1,134.9509,4805.808191,1
69.82128,0,1,147.5031,6056.024801,1
62.60438,1,0,147.4564,5716.118122,1
8.013365588,0,1,255.166453,1313.686109,1
16.22394,1,0,197.6288,2060.236225,1
62.91776,0,1,139.9568,5507.18923,1
50.90386,1,0,222.6362,4735.276139,1
67.09561,1,0,197.6288,6098.13029,1
7.874401,1,0,164.9785,1895.230077,1
1.770031252,1,0,230.134352,907.2442013,1
4.043506,1,0,137.4686,585.4873226,1
49.57035,0,1,240.1149,4492.694472,1
48.07729,0,1,129.995,4315.294634,1
47.12803,1,0,175.1331,4555.47419,1
41.56439,0,1,242.6143,3937.196959,1
71.76656,1,0,187.4847,6269.314301,1
7.303501,0,1,187.6094,1477.901329,1
2.066037377,1,0,232.641455,769.7818684,1
12.68609343,0,1,162.45383,2025.927893,1
15.2198,0,1,147.4421,1429.845787,1
68.69369,1,0,210.1518,6397.46237,1
17.19789,1,0,157.4698,1630.702145,1
54.06613,0,1,242.6326,4972.337033,1
63.8887,1,0,139.9512,6265.689465,1
61.45615,0,1,162.4653,5823.6249,1
10.90429,0,1,220.1615,1507.261366,1
42.43922,1,0,192.4567,3850.216289,1
60.41609,0,1,230.1051,5495.763652,1
17.98715,0,1,165.0113,2047.681612,1
7.434237932,1,0,194.976769,989.3430051,1
51.45585,0,1,125.0073,4442.819177,1
6.971587,1,0,207.6094,1090.821866,1
43.01015,1,0,167.4564,3643.379954,1
11.03162791,1,0,172.455519,1442.347357,1
17.84058,1,0,140.0013,2373.467756,1
6.044266101,0,1,152.495236,785.6688028,1
13.72584,0,1,127.4738,1835.292593,1
7.502506,1,0,255.1336,1878.869681,1
70.86194,1,0,187.6422,6236.37892,1
28.22989,1,0,139.965,3068.956506,1
3.892424053,0,1,124.97808,390.381346,1
1.901532614,1,0,235.141716,1215.412022,1
20.04140358,0,1,129.962093,2256.776479,1
66.01153,0,1,222.6281,6398.595369,1
5.43464555,0,1,270.160419,1648.102673,1
58.08952,0,1,137.4392,5073.712257,1
71.20051,0,1,235.1591,6397.088048,1
60.82718,1,0,247.6647,6066.504159,1
23.18508,1,0,172.4705,2792.394717,1
63.97947,0,1,190.127,6246.190895,1
55.85553,0,1,207.6094,5005.866114,1
2.694014031,1,0,157.483594,526.38731,1
14.60426293,0,1,144.960655,1341.412763,1
65.25688,1,0,162.4713,5651.976417,1
8.442986,0,1,182.4433,1450.000546,1
5.682066541,0,1,172.47417,884.6278615,1
36.33047,1,0,220.1185,3479.074804,1
7.100883,1,0,169.9928,733.8730965,1
63.72204,0,1,162.4713,5507.943409,1
4.768185,0,1,139.9349,1138.754327,1
2.811977672,0,1,245.145743,911.3769495,1
3.12313921,1,0,194.988208,875.1196392,1
2.317456,0,1,197.6288,716.3402711,1
70.66533,0,1,255.1417,6523.645236,1
68.05033,1,0,159.9794,6447.490491,1
64.01205,0,1,175.1331,5832.1205,1
1.871917709,1,0,255.141716,859.0587897,1
58.40109,0,1,255.1198,5925.343914,1
68.89551,0,1,152.4798,6083.416035,1
66.2885,0,1,114.9728,5616.349749,1
2.072617,0,1,184.967,827.0229817,1
63.64621,0,1,169.9378,5503.629445,1
9.696166,1,0,247.6647,2089.325891,1
12.4767812,1,0,139.965008,1778.733282,1
53.07792,0,1,172.4624,4723.704977,1
65.26459,0,1,222.6143,6280.796851,1
19.9897,1,0,200.1185,2705.01162,1
58.51566,0,1,184.967,5296.643482,1
1.302103,1,0,160.0013,511.2155972,1
58.6209,0,1,112.4844,5059.515014,1
52.61618,1,0,217.484,4957.613255,1
3.700907475,0,1,222.628057,1274.602374,1
3.950587999,1,0,162.446995,1040.272445,1
14.11275,1,0,107.482,1761.872716,1
21.06092,0,1,117.4392,2316.736557,1
8.462764,0,1,104.9629,783.1783931,1
5.018901,1,0,149.9621,798.4043093,1
7.266887,1,0,147.4738,805.8117417,1
58.52385,1,0,192.4404,5246.886102,1
23.00764441,0,0,240.114868,2464.577489,1
11.94546,1,0,192.4404,1594.837225,1
1.598975,1,0,204.961,596.5947713,1
67.95345,0,0,242.6106,6576.137248,1
16.56317,0,1,127.4601,1881.485804,1
3.312991809,0,1,229.993134,897.5919144,1
10.14235,0,1,79.97886,979.2710238,1
18.529,0,1,255.1336,2600.878739,1
6.582225,0,1,149.9776,886.9671382,1
57.69823,1,0,192.4404,5155.008959,1
5.905906389,1,0,162.452604,951.8524406,1
8.040278,0,1,182.49,1058.595152,1
70.14031,1,0,202.65,7158.98153,1
4.044068,0,1,104.9629,694.3512691,1
61.18471,1,0,117.4686,5716.521753,1
64.92993,1,0,182.4608,5691.001621,1
65.0829,1,0,174.9755,5909.336061,1
8.171806,0,1,154.9919,1307.928901,1
51.80639,0,1,147.4893,4454.649814,1
2.976407,1,0,204.9634,903.733212,1
19.49059,0,1,235.1555,2709.337012,1
54.60031,1,0,182.4538,4762.326261,1
17.25514,1,0,137.4836,1967.228079,1
56.16716,1,0,220.1149,5628.746728,1
12.62769,0,1,149.9621,1443.47725,1
7.218752772,0,1,230.105118,1317.766231,1
2.478012402,1,0,207.475448,1057.037731,1
63.83787,1,0,164.9785,6274.202037,1
13.0035986,1,0,172.487091,1480.891431,1
62.78784,0,1,265.1283,5897.719086,1
4.235635,1,0,210.127,970.6301192,1
3.868738215,0,1,169.937833,686.8335296,1
3.978662,1,0,257.6513,1790.477112,1
52.30521,1,0,149.9378,4956.677539,1
62.68348,1,0,117.5152,5598.052693,1
39.13842,1,0,134.9509,3260.745232,1
65.86739,1,0,152.4555,6309.069748,1
12.39088509,0,0,242.610632,2088.48083,1
11.05993,1,0,242.6143,1567.299499,1
56.88725,1,0,182.4433,5445.967827,1
63.57829,0,1,187.4673,6092.611808,1
54.21518,1,0,137.5165,4787.756156,1
1.110729,0,1,210.1518,724.2830732,1
7.521969,1,0,192.4404,1129.471568,1
19.6617,1,0,214.9663,2176.358333,1
54.44532,0,1,217.484,4818.09657,1
2.687062,0,1,179.9656,490.2102038,1
71.52133,0,1,192.4705,6185.77752,1
3.11643578,1,0,179.947583,473.0515906,1
56.69146,1,0,162.4526,5261.201726,1
60.99965,0,1,217.4725,5544.621469,1
7.91568,1,0,184.9634,1613.918447,1
54.7248,0,1,139.9979,4756.821939,1
65.03892,0,1,262.6106,6018.077107,1
54.36032,1,0,132.5127,4871.680899,1
6.830372,0,1,252.6378,1104.049328,1
6.460792,0,1,79.97886,627.880394,1
10.44121,1,0,127.4958,1181.546499,1
14.02688588,1,0,245.146969,2207.767111,1
53.4946,0,0,175.0062,5083.028968,1
15.39326,1,0,132.466,1921.908003,1
47.11262,0,1,172.4404,4733.327376,1
7.994351,0,1,129.9621,1522.674203,1
9.022068,0,1,214.9525,997.2010554,1
23.78115,0,1,124.9643,2025.167432,1
2.704950495,0,1,187.656013,711.7404846,1
60.1745,0,1,184.9939,5426.206923,1
2.068518,1,0,194.9663,1291.115762,1
7.863565,0,1,127.5112,837.2841389,1
15.39062,1,0,149.9915,1719.698931,1
59.84973,1,0,277.6375,5552.256288,1
9.932932319,1,0,222.61428,1898.286119,1
71.09119,0,1,159.9476,6469.597429,1
10.39427126,0,1,192.470522,1312.134316,1
6.002744,0,1,194.9581,968.2908707,1
41.11114,0,1,207.6094,3981.346329,1
11.34130832,1,0,222.649979,1636.72261,1
19.22796,0,1,114.9509,2267.103404,1
61.10374,0,0,220.1149,6004.311688,1
44.23945,0,1,102.4746,3795.698707,1
66.66711,0,1,222.6143,6466.569641,1
65.28829,0,1,210.1051,6521.587044,1
66.64396,0,1,107.4806,5883.186087,1
12.95912,1,0,79.97886,1333.702402,1
22.24529,1,0,137.4872,2004.460047,1
70.16029,1,0,92.45514,6280.766215,1
63.69034,0,1,147.5031,5600.294614,1
3.949032,1,0,172.4885,1171.985659,1
69.59341,0,1,117.4392,6309.777908,1
7.038169,0,1,200.1465,1280.711037,1
60.01564,0,1,187.4811,5917.583628,1
2.567035,1,0,184.9785,717.8935328,1
71.78213,1,0,159.9642,6339.798083,1
50.69374,0,1,232.624,5165.041808,1
2.586551,0,0,197.6288,719.7255006,1
62.27986,0,1,172.5034,5384.246623,1
60.31971,0,1,149.9598,5264.734623,1
58.66502,0,1,114.9838,4810.255665,1
70.98518,0,1,277.6375,6651.677415,1
1.598259,1,0,107.4958,1179.03962,1
47.27475,1,0,200.1185,4746.697941,1
50.52613,1,0,220.1323,4711.946736,1
60.54294,0,1,137.4616,5245.350989,1
9.493585403,0,1,167.484705,1781.692875,1
60.78096,0,1,210.127,5489.928745,1
63.30988,1,0,200.1185,6125.429918,1
1.304537,1,0,159.9476,820.0487803,1
10.19437082,1,0,129.959755,1756.819542,1
7.644184483,1,0,162.460772,1461.63461,1
5.486534225,0,1,149.962093,727.3731845,1
70.50302,1,0,137.4686,6057.265464,1
63.9264,1,0,159.9875,5559.691145,1
2.840185,1,0,214.9663,915.3457897,1
7.990345,1,0,222.6143,1654.594921,1
46.38121,0,1,107.4806,4278.637138,1
11.56938439,0,1,92.488023,897.9716153,1
67.92804,1,0,267.6647,6208.609729,1
1.84687,0,1,137.4872,464.4350832,1
63.04815,0,1,200.1465,6023.971515,1
16.64818,0,1,92.45514,1923.285458,1
11.63009,0,0,275.1198,1687.100467,1
14.86158,1,0,159.9512,1439.925812,1
23.32691904,1,0,139.987503,2649.830017,1
53.06217,0,1,172.4885,5172.214852,1
62.51438,0,1,112.4551,4999.844929,1
58.29773,1,0,149.9845,5256.320982,1
5.104873611,1,0,147.460067,682.9871863,1
65.73734,1,0,222.6362,5881.848209,1
2.473299,1,0,139.9568,787.5389871,1
68.54712,0,1,127.4421,6208.310064,1
9.75910234,0,1,127.511223,871.2907856,1
50.48733,0,1,129.9621,4984.78563,1
13.17391,0,1,127.4958,1179.636227,1
61.54459,1,0,257.6375,6284.948965,1
69.08879,1,0,245.1283,6954.344959,1
70.68543,0,1,152.466,5964.374183,1
46.90599,0,1,149.9378,4474.612868,1
3.41763,1,0,134.9509,487.9567265,1
11.65333,0,1,139.983,1622.06829,1
7.032433,1,0,245.1283,1818.572601,1
50.98888,0,1,212.6228,5301.26466,1
10.15451,0,1,149.9845,1224.72764,1
61.74695,0,1,182.4653,5450.903985,1
8.160495,1,0,162.4608,1689.545339,1
6.956508263,1,0,220.114868,1631.872719,1
58.11303,1,0,232.6415,5253.956688,1
54.63591,1,0,192.4885,4951.560917,1
10.32943,1,0,139.9816,1400.209666,1
50.94315,0,1,162.4676,4946.54616,1
70.22382,1,0,117.4872,6244.295389,1
67.0374,0,0,194.9525,6265.43461,1
15.91251,1,0,197.6288,1883.901145,1
61.85639,0,1,147.4783,5332.977438,1
67.93831,1,0,202.65,6515.886968,1
48.95603,0,1,107.482,4556.968246,1
30.03608319,0,1,202.443347,2688.491827,1
59.27056,1,0,194.9882,5403.036108,1
6.033703,1,0,95.01949,824.4079658,1
11.71980152,1,0,245.131966,1726.803854,1
55.83128,0,1,207.6386,5122.454947,1
43.80971,1,0,164.967,4463.694644,1
66.07472,1,0,217.4725,5819.356258,1
65.27324,1,0,252.6378,5993.520721,1
65.85945,0,1,179.9476,5667.494149,1
62.90578,0,1,187.6422,5829.765326,1
11.08306586,1,0,127.495766,1224.30253,1
60.20473,0,1,152.4441,5615.851877,1
1.900671,0,1,124.9781,516.253628,1
53.44438,0,1,275.1198,5053.249434,1
10.32752,0,1,214.9663,1274.789671,1
18.76373,0,1,139.9875,2143.189724,1
67.67761,1,0,242.6281,6361.936513,1
60.42738,1,0,162.4818,5394.817414,1
53.18909,1,0,220.1478,5095.592017,1
68.19039,1,0,194.9581,6308.688863,1
38.28807,0,1,169.9671,3491.783586,1
71.64551,0,1,225.1457,7084.802797,1
8.462066,1,0,159.9512,954.1821997,1
70.32865,1,0,119.9568,6581.526436,1
68.60299,0,1,117.4392,6272.523927,1
7.042459,0,1,139.983,1228.595252,1
16.74968,0,1,159.9794,2099.998325,1
11.44810825,1,0,104.992311,1267.06092,1
10.37052,1,0,182.4433,1772.190486,1
60.32779,1,0,137.4872,5036.334729,1
58.172,1,0,174.9618,5421.452894,1
1.768753,0,1,220.1478,736.3553892,1
58.79896,1,0,235.1591,5547.293219,1
32.0730133,0,1,182.460772,3099.922244,1
63.90796,0,1,152.4624,6037.703682,1
6.735271694,0,1,149.944668,1254.943448,1
4.261408572,1,0,142.499263,840.5098283,1
26.16514147,1,0,139.934918,2761.982244,1
70.02963,1,0,114.9658,5974.900569,1
44.54138,0,1,159.965,3999.505021,1
60.04825,1,0,200.1323,5943.557361,1
3.230823,1,0,184.9496,1178.011696,1
54.12731,0,1,252.6378,5165.616078,1
63.89833,1,0,159.9794,6105.282771,1
60.47246,0,1,172.4555,5181.079994,1
11.14615,0,1,220.1185,1317.291468,1
9.372647,0,1,149.9845,1023.685781,1
43.93445,0,1,159.965,3798.956979,1
10.06019902,1,0,159.965581,1582.295235,1
6.699323,0,1,192.4567,939.6683701,1
9.783296825,0,1,117.472036,995.3392925,1
65.11023,0,1,79.97886,5233.491923,1
48.65096,0,1,157.4836,4220.274809,1
3.383778,1,0,207.6094,762.0564475,1
48.85809,0,1,184.9797,4777.954889,1
51.95009,1,0,207.6094,4955.138722,1
7.182107,0,1,204.9634,1020.408124,1
53.02619,0,1,92.48802,4494.849931,1
57.62771,0,1,129.9483,5437.296776,1
14.38485335,1,0,142.468917,1794.480836,1
16.66441267,1,0,184.979684,2230.367018,1
6.549035393,0,1,232.62403,1489.077486,1
19.13168856,0,1,137.461553,1729.615672,1
11.38490458,0,1,240.114868,1549.466596,1
15.4522,0,1,112.4551,1213.799389,1
17.7076,1,0,222.65,2217.378277,1
65.81421,1,0,137.4872,5695.712663,1
7.852216,1,0,197.6288,1274.638992,1
65.07643,0,1,162.4538,6013.937985,1
70.74092,1,0,162.4827,6190.252926,1
10.28514,1,0,247.6647,1907.528361,1
16.5488,0,1,204.961,1927.803648,1
71.7825,1,0,147.4783,6111.281156,1
52.20049,1,0,92.45514,4782.949918,1
7.579944,1,0,220.1478,1258.840915,1
7.626943,1,0,207.6094,1227.038436,1
55.44991,1,0,194.9744,5068.172778,1
17.67252758,0,1,104.97808,1965.221779,1
3.508974199,1,0,192.470522,801.4709595,1
5.186633,1,0,139.9349,1485.319376,1
53.92384,1,0,270.1604,5639.473416,1
60.36626,0,1,139.9678,5295.005642,1
55.591,1,0,127.4738,5192.718983,1
13.98469679,0,1,235.188375,1795.290082,1
1.453022,0,1,120.0049,639.623576,1
55.63584,0,1,172.4567,5180.761441,1
50.07213,0,1,207.4974,4494.687693,1
1.915736733,0,1,119.989722,587.0970427,1
10.35346,1,0,184.9496,1640.315966,1
4.189207,0,1,137.4616,722.927922,1
14.93552,0,1,165.0113,1670.49598,1
48.28818,0,1,252.6378,4492.45352,1
36.26479,0,1,197.6288,3780.253613,1
4.581601,1,0,277.6513,1383.764044,1
61.72165,0,1,204.9634,5563.392672,1
49.26867,1,0,144.9607,4088.428701,1
61.30199,1,0,79.97886,5276.417702,1
69.05527,0,1,147.4564,6243.093544,1
66.43277,1,0,172.4404,6239.568854,1
16.88185,1,0,162.4608,2233.112834,1
59.99904,0,1,255.1198,5885.235129,1
62.68234,1,0,197.484,6182.792584,1
10.40566091,0,1,222.649979,1506.446527,1
58.17852,1,0,255.1336,5849.55113,1
61.17571,0,0,220.1615,5558.549267,1
51.53345,0,1,220.1185,4644.934479,1
14.54834,0,1,159.9942,1458.518135,1
4.01663,1,0,147.4421,734.4252105,1
14.96135055,1,0,190.173699,1942.452213,1
37.23531,0,1,184.967,3495.239613,1
10.45497,1,0,139.9861,1307.834074,1
7.59915732,0,1,182.483267,972.4555268,1
66.91884,0,1,172.4742,5661.61911,1
4.06047424,1,0,210.156274,1173.76564,1
2.205915318,0,1,164.985293,1156.192762,1
56.20194,0,1,149.9621,4923.50439,1
69.13685,0,1,287.6427,6462.269067,1
61.00511,0,1,169.9928,5210.641825,1
14.67731,1,0,152.509,1599.244733,1
8.980916,1,0,222.6326,1931.414865,1
25.68013,0,1,242.6106,3070.896284,1
4.847411,0,1,147.4738,602.6894614,1
62.71718,1,0,242.6281,5772.05845,1
54.16378,0,1,245.1283,5507.49448,1
62.96952,1,0,179.9476,5476.19566,1
15.82334026,0,1,190.12704,2123.334993,1
42.2544,1,0,159.9476,4070.475421,1
13.23966,0,1,127.4601,1735.029687,1
2.958575,0,1,162.4827,531.0770713,1
22.52336,0,1,174.9699,2587.895755,1
3.19677148,0,1,262.610632,831.5573687,1
52.71096,0,1,159.9476,5042.24777,1
9.873648,0,0,159.9476,1582.882748,1
13.17784,0,1,179.9794,1407.673878,1
16.00167972,1,0,149.974105,2245.475959,1
54.38925,0,1,174.9755,4952.728891,1
62.04916,0,1,139.965,5866.495925,1
69.61652,1,0,167.4564,6014.886274,1
65.83916,1,0,139.9512,5992.346598,1
65.79896,0,1,199.9902,6269.18922,1
47.30434,1,0,149.9378,4610.488208,1
8.907101,0,1,222.6326,1641.698648,1
65.29309,0,1,139.9512,6160.220905,1
8.856546048,0,1,162.465269,1457.990407,1
9.521766,0,0,120.0035,1206.904751,1
2.355538593,0,1,200.146524,778.2707384,1
2.111376258,1,0,129.976324,662.6103493,1
69.98687,0,1,147.4601,5754.337346,1
12.71183755,1,0,255.133571,2383.673575,1
12.05713486,0,1,127.488728,1234.176575,1
40.53237,0,1,134.9509,3515.623391,1
2.105603,0,1,129.9915,904.795841,1
6.818705821,0,1,217.483972,955.0181592,1
71.34763,0,1,117.4686,6460.957622,1
12.57273206,0,1,204.979684,1348.141984,1
65.32231,1,0,187.4974,6228.197573,1
15.37107894,1,0,139.983006,1964.354824,1
2.519975147,0,1,149.974105,908.4356314,1
52.86954,0,1,194.9992,4871.832686,1
66.00877,1,0,252.6378,6121.363135,1
3.115729,1,0,129.9483,1079.325698,1
49.22913,0,1,265.147,4794.822207,1
4.798977,0,1,127.475,746.7953574,1
12.21802,1,0,187.656,1749.384846,1
47.98376,1,0,82.49655,4079.477384,1
49.8063,1,0,172.5104,4439.411899,1
12.29962,1,0,184.9853,1418.813901,1
17.05378,0,1,217.4702,1921.943744,1
15.64015,0,1,137.4684,1600.603183,1
63.56661,0,1,172.5104,5556.021088,1
15.806584,0,1,104.962874,1490.383762,1
21.50913,1,0,207.4811,2422.231415,1
16.79677,1,0,139.9792,1820.926895,1
10.3362,0,1,222.6143,1776.804483,1
68.85746,0,1,137.4698,6114.267462,1
13.08183,0,1,220.1323,1525.934554,1
12.40889924,0,1,154.961766,1889.347998,1
13.13159395,1,0,117.468591,1752.198908,1
7.979145258,0,1,127.458638,1025.701125,1
57.69575,1,0,197.484,5888.954237,1
2.464275,1,0,174.9768,1030.224777,1
48.56111,1,0,179.9794,4282.995447,1
15.59096202,1,0,127.473844,1826.678884,1
9.417302,1,0,245.147,1860.127661,1
9.820347,1,0,169.9447,1044.205309,1
4.843533662,0,1,182.490006,985.3722849,1
5.944147,0,1,164.9853,1429.709066,1
52.75072,0,1,124.9643,4550.793265,1
7.138798,1,0,129.9621,1497.624239,1
25.32558,1,0,277.6513,2914.993204,1
43.02146,0,1,120.0035,3926.009965,1
68.98021,1,0,182.4433,6532.644086,1
69.10177,0,1,192.4404,6003.545722,1
56.12428,0,1,137.4392,4866.05903,1
9.273178876,1,0,207.609354,1241.342647,1
63.4564,1,0,152.4579,6120.360369,1
2.130946,1,0,245.147,1147.794876,1
40.78534,0,1,157.4698,3610.264679,1
67.50861,1,0,262.6106,6119.953747,1
54.03362,1,0,179.9794,4805.533141,1
65.66869,1,0,169.9928,5757.017238,1
70.04547,1,0,127.4738,6450.493796,1
1.773271,0,1,92.45514,506.4720015,1
53.77815,1,0,132.4798,5163.021507,1
12.70583343,1,0,220.161527,1780.064534,1
3.890319,0,1,149.9928,993.4525617,1
25.10781,1,0,149.9621,2646.099689,1
14.47965,1,0,192.4404,1617.050793,1
45.51779,0,1,114.9509,4114.665387,1
46.12627,1,0,164.9889,4149.822715,1
60.16687,0,1,172.4567,5553.300748,1
71.99132,0,1,222.6326,6840.191109,1
9.27204,0,1,187.6094,1728.999287,1
17.4113,0,1,124.9935,1684.485758,1
1.704751,0,1,172.4567,964.1421939,1
67.2235,1,0,192.4705,6015.544544,1
69.39129,0,1,114.9658,5932.111783,1
58.34548,1,0,154.9919,5567.462774,1
4.320048,0,1,194.9663,1215.716688,1
6.7464384,0,1,92.455141,913.9626257,1
5.645298,0,1,174.9744,1268.042248,1
55.28921,0,1,187.6094,5530.883577,1
4.055418,0,1,149.9928,1002.424825,1
62.06064,1,0,114.9728,5396.112945,1
57.63584,0,1,152.4798,5025.121526,1
4.564096,0,1,149.9378,1113.404715,1
55.92296,0,1,124.9643,4626.563441,1
67.25434,0,1,222.6143,6680.274618,1
45.19194,0,1,172.4742,3921.432791,1
49.07593,1,0,152.466,4337.149997,1
51.95172,1,0,139.9512,4888.502724,1
11.30820237,1,0,160.01224,1331.25339,1
54.0833,1,0,92.48802,4504.376908,1
61.68555,0,1,275.1336,5694.030993,1
67.5234,1,0,217.484,6073.6103,1
56.35945,0,1,152.4742,5205.34438,1
47.10952,0,1,125.0073,4012.731737,1
23.12150846,0,1,147.503078,2131.359827,1
18.58829,0,1,222.6362,2192.448535,1
48.98746,0,1,142.4827,4786.931622,1
65.52213,0,1,197.4725,6312.284353,1
5.070551439,0,1,182.460772,781.9302227,1
17.88183906,0,1,114.965789,1737.043258,1
9.643609,0,1,210.1051,1860.544496,1
71.67689,1,0,92.48802,5887.667168,1
66.88131,1,0,182.4433,6304.203672,1
60.03004,0,1,149.9778,5212.970867,1
69.56109,0,1,182.4833,6037.093005,1
59.66552,0,1,230.1344,5511.495437,1
6.416264,1,0,152.4798,1024.169439,1
55.55389,1,0,207.6094,5104.889837,1
54.54538,0,1,220.1615,5135.575997,1
3.27379,1,0,137.4836,891.754556,1
55.74968,0,1,152.466,4912.337528,1
62.55977,0,1,275.1198,6012.531259,1
15.3889,0,1,265.147,1949.172062,1
19.13997,1,0,214.9525,2111.077001,1
56.90852,0,1,149.989,4928.588057,1
9.44860885,0,1,217.470195,1243.779967,1
3.794574,0,1,104.9643,726.148196,1
63.96033,1,0,162.4689,5514.499448,1
49.27373,1,0,149.9483,4444.639718,1
60.2958,0,1,197.4725,5906.275909,1
46.95877,0,1,137.4392,3957.129835,1
11.52687,1,0,149.9776,1498.93018,1
8.798394712,0,1,242.632554,1412.736809,1
12.73029,0,1,152.4742,1705.874036,1
69.97252,1,0,129.9621,6589.069717,1
9.448434,0,1,252.6378,1489.056859,1
6.233177,0,1,114.9509,988.8476688,1
47.46129,0,1,139.9349,4750.23799,1
61.9146,1,0,222.6326,6069.414411,1
46.25154,0,1,174.9768,4552.057718,1
13.25185,0,1,139.983,1639.020185,1
49.42466,0,1,129.9483,4944.584376,1
69.22588,0,1,257.6549,6516.163879,1
68.57417,0,1,190.127,6572.766125,1
14.00176,1,0,157.4836,1333.059808,1
12.78697,0,1,92.5018,1294.950837,1
70.54943,1,0,162.4982,6147.295218,1
48.1707,0,0,152.4952,4367.397207,1
13.3451101,0,1,92.455141,1571.397537,1
58.32931,0,1,127.482,4862.320826,1
6.678176681,1,0,139.95684,989.9918587,1
5.220501553,0,1,172.510442,684.7417744,1
3.866527859,1,0,210.105118,1297.983536,1
8.791194482,1,0,127.458638,1040.933456,1
10.16511,0,1,174.9581,1821.752133,1
43.04477,0,1,134.9509,3905.467558,1
10.35845,1,0,169.9671,1349.872551,1
20.10599,1,0,187.6094,2595.464531,1
65.85431,1,0,220.1185,5978.883731,1
3.199579,1,0,207.6094,804.7021179,1
6.485770796,1,0,137.483594,1291.915318,1
71.89152,1,0,124.9781,6101.379973,1
57.90418,0,1,124.9607,5447.621158,1
48.16091,1,0,139.9861,4332.356783,1
6.240783682,1,0,149.962093,939.1433243,1
49.04885,1,0,159.9875,4432.458176,1
9.955486,1,0,129.9778,1557.295826,1
9.373591,0,1,220.1185,1315.586731,1
39.27244,0,1,172.4567,4046.188443,1
48.57163,1,0,197.5169,4549.293713,1
7.494128,1,0,142.5156,938.8632527,1
5.188006,1,0,127.4738,1039.131091,1
19.04207,0,1,267.6647,2183.450856,1
34.80793399,0,1,152.457857,3934.848461,1
1.60558,1,0,232.652,949.8530724,1
3.23817,0,1,147.4713,443.3624779,1
6.365998533,1,0,202.443347,951.886985,1
5.690013293,0,1,245.145743,1201.484293,1
54.59144,1,0,165.0182,4971.679712,1
11.94283,0,1,194.9744,1289.865177,1
1.743805,1,0,255.1665,847.0257353,1
16.60248,1,0,172.4555,1784.783191,1
16.75922789,1,0,275.133571,2064.474901,1
57.692,0,1,152.4798,5144.475146,1
13.59137366,1,0,162.471255,1460.513443,1
5.971951,1,0,182.447,875.6471402,1
3.797689495,0,1,200.132293,1304.571599,1
23.99384,1,0,172.4567,2615.909854,1
6.463724,0,1,157.4836,742.5950937,1
14.08292576,1,0,195.006206,1559.679776,1
14.96503088,1,0,225.145743,2436.57146,1
56.7924,0,1,117.4858,5184.100141,1
3.226996711,1,0,210.12704,932.6084359,1
2.911327,1,0,132.466,1317.208422,1
67.10378,1,0,182.49,5998.639237,1
58.46636,0,1,222.6326,5838.178564,1
50.14317,0,1,210.1051,5186.100622,1
66.8616,1,0,159.9794,6286.517671,1
51.48861,0,1,202.4433,4811.298513,1
7.012788,1,0,182.4653,910.135775,1
10.52199781,0,1,149.962093,1180.588788,1
4.791566,1,0,147.4564,1085.979242,1
9.063713,1,0,92.5018,1031.540479,1
61.78348,1,0,159.965,5696.949378,1
20.13722,0,1,217.484,2083.650225,1
13.11297,0,1,207.4673,1705.302867,1
12.85397739,0,1,104.962874,1215.114995,1
64.88325,1,0,139.9816,5864.39928,1
58.06953,0,1,182.4608,5026.193308,1
49.65691,0,1,207.6094,4652.060129,1
58.52603,1,0,197.4876,5216.298758,1
69.48387,1,0,184.9715,6048.496879,1
68.17349,1,0,112.4844,5838.7225,1
11.75829,1,0,245.132,1556.189478,1
2.440923609,1,0,187.46728,1092.134853,1
42.34861,1,0,235.1372,4698.517933,1
47.98669,0,1,137.4836,4561.670086,1
50.90725,1,0,207.4673,4642.032276,1
1.591333405,0,1,240.114868,708.9358044,1
50.61987,0,1,147.4738,4429.146624,1
70.47803,1,0,222.6281,6857.525674,1
2.590681,1,0,124.9643,310.8595496,1
63.55356,1,0,207.6094,5586.045656,1
64.9277,0,1,182.4608,5835.311159,1
5.013991,1,0,130.0064,952.2685798,1
12.50526,0,1,202.4433,1674.101146,1
1.665591776,0,1,112.455141,169.3992798,1
5.877819,0,1,140.0013,1060.698386,1
65.66053,0,1,202.6362,6294.452513,1
3.7311787,1,0,255.119794,1268.086909,1
64.52906,0,1,139.9568,5587.309027,1
68.60055,1,0,182.4833,6003.332389,1
63.05421,0,1,172.4404,5962.861013,1
67.01405,0,1,149.9378,6081.603462,1
4.527649,1,0,139.9512,1131.268205,1
55.72308,1,0,107.482,5099.928127,1
14.95975,0,1,195.0062,1646.32071,1
8.846877,0,1,127.4783,1351.805265,1
71.52864,1,0,114.9728,6210.519966,1
16.64015,0,1,182.4433,2159.000591,1
12.13947,0,1,207.4811,1575.21359,1
2.476217,0,1,147.4783,373.1383878,1
5.402848,0,1,215.1591,1445.492967,1
51.63534,1,0,207.6094,4769.420216,1
51.68219,0,1,174.9755,4671.903355,1
16.38978,0,1,142.5007,2095.926619,1
13.21887,0,1,207.4811,1566.022939,1
71.50838,1,0,149.9621,6273.914368,1
71.71958,0,1,187.6094,6707.388345,1
13.14986,0,1,182.4676,1515.763354,1
10.06913982,1,0,257.63748,2062.605873,1
13.44855,0,1,162.4653,1927.327764,1
9.621889,0,1,182.497,1023.023077,1
6.775594861,1,0,182.467607,1072.585587,1
10.88054,0,1,235.1591,1480.104233,1
16.39747,1,0,129.9621,2207.805016,1
54.13164,1,0,182.4433,5296.312677,1
66.86351,0,1,162.5007,5766.235014,1
4.561449,1,0,182.497,893.9429985,1
14.16961729,1,0,169.944668,1624.799349,1
4.532646,1,0,139.9816,713.5720629,1
6.142753,1,0,137.4686,700.4813335,1
66.57985,1,0,107.482,6076.755109,1
2.427380647,1,0,142.499263,718.4643309,1
69.9263,0,1,255.1336,6820.82156,1
2.871903,1,0,152.4742,1262.175265,1
66.00869,1,0,124.9607,6319.838076,1
9.045537332,1,0,144.960655,1014.854462,1
61.44671,1,0,212.6695,6093.079399,1
67.28651,0,1,184.9797,6489.765211,1
46.55588,1,0,162.4713,4232.407012,1
7.481549,0,0,184.9785,1145.212837,1
60.96083,1,0,117.4872,5454.520916,1
55.42799,0,1,149.9598,4831.683083,1
61.29211,1,0,149.9483,5163.277727,1
12.27217,1,0,132.5127,1498.47689,1
8.977196,0,1,245.1283,2036.889178,1
64.40902,1,0,132.4798,6093.659885,1
2.585228303,0,1,157.483594,394.0148722,1
64.79115,1,0,152.5104,6236.657026,1
18.67357,0,1,149.9913,1971.643189,1
7.766899,1,0,184.9853,1166.167844,1
2.768037617,0,1,159.965008,570.1301629,1
63.71082,0,1,117.4686,5832.660558,1
53.13301,0,1,220.1615,4962.835767,1
64.20616,0,1,112.4551,5392.197566,1
63.71108,0,1,242.6326,5788.852546,1
7.455148937,1,0,184.993915,1116.825249,1
50.62647,1,0,192.4404,4576.841874,1
15.2121,1,0,167.4564,1508.478673,1
53.5771,0,1,137.4616,4751.270751,1
45.6406,0,0,210.1051,4810.343275,1
45.23339,1,0,114.9976,4070.801017,1
7.675218,0,1,174.9581,1515.545459,1
55.67421,1,0,167.4564,4724.945111,1
67.93803,0,1,245.147,6646.927545,1
57.01834,0,1,124.9643,4714.487291,1
57.50673,1,0,125.0073,4866.25354,1
4.83427,0,1,257.6549,1159.364961,1
12.92578188,0,1,169.974105,1333.179191,1
8.116071,0,1,172.4624,993.0023112,1
6.68894661,0,1,95.019486,764.3017535,1
36.76838,0,1,117.472,3270.009915,1
17.39814,1,0,159.965,1702.35927,1
62.23643,1,0,187.4811,6183.945709,1
3.998314,0,1,159.9794,987.7767172,1
4.135515169,1,0,117.485813,776.4780765,1
67.20609,1,0,127.4601,6350.509594,1
3.903228,0,1,182.4538,634.6695443,1
40.7843,0,1,172.4567,4050.379301,1
6.955766017,1,0,127.460067,1262.531104,1
63.50859,0,1,152.4798,5517.434596,1
64.02167,0,1,242.6326,5806.466997,1
5.376652863,0,1,162.497044,1312.896111,1
5.988505209,1,0,187.513939,1007.289786,1
6.10108047,1,0,207.638588,1080.159892,1
55.85956,0,1,79.97886,4701.013371,1
49.19922,1,0,179.9794,4459.144157,1
68.34963,1,0,172.4567,6376.192688,1
66.97927,0,1,197.4876,6035.036634,1
18.5303,0,1,220.1185,2157.669912,1
67.93006,0,1,255.1198,6640.554732,1
61.35337,0,1,130.0244,5255.178769,1
5.29727,1,0,132.466,1326.549878,1
59.52044,1,0,167.4847,5736.40115,1
2.497434,0,1,207.6386,739.280489,1
13.79595,1,0,187.6094,2034.534213,1
9.630236452,1,0,187.642236,1329.382263,1
39.4081,1,0,255.1336,4299.70522,1
44.13783,1,0,95.01949,3907.786822,1
10.46977,0,1,159.9349,1341.803325,1
57.08448,0,1,107.482,5247.947941,1
63.48022,0,1,197.4702,6064.83626,1
4.556801333,1,0,165.018175,871.9497737,1
7.359812,0,1,152.509,1170.830123,1
51.05765,0,1,139.9678,4430.640106,1
11.739,0,1,225.1457,2212.982101,1
45.09378,0,1,222.6143,4723.125316,1
55.88646,1,0,172.4579,5291.533225,1
8.873645,1,0,117.4392,1512.005651,1
66.10035,0,1,217.484,5803.869496,1
57.31946,0,1,142.4689,5312.129835,1
2.213342,1,0,265.147,1018.286618,1
5.257695,1,0,204.9634,1026.361306,1
2.301376,0,1,225.1457,1408.898779,1
48.71074,0,1,182.4608,4447.513551,1
54.80402,0,1,162.4676,5175.09924,1
65.22821,1,0,210.1563,6135.261321,1
61.12405,1,0,192.4567,5451.33929,1
22.04436191,1,0,202.649979,3098.243332,1
70.33871,0,1,124.9643,5718.68358,1
4.332134531,0,1,157.469817,427.3743388,1
6.050060777,1,0,139.965008,1338.110998,1
53.01595,1,0,129.9621,5102.051113,1
63.07092,1,0,222.6362,5768.283353,1
7.663625954,1,0,112.484375,927.1279646,1
2.339183,1,0,245.1612,941.6039037,1
3.613513424,1,0,112.484375,470.682278,1
5.315954,0,1,232.652,1163.644754,1
4.098818,0,1,184.961,1132.634807,1
65.91489,0,1,242.6573,6020.902258,1
50.84495,1,0,147.4738,4495.259979,1
63.9229,0,1,172.4742,5416.863521,1
71.84774,0,1,130.0064,6304.298349,1
10.07156,1,0,204.9634,1401.299612,1
11.92905011,1,0,172.470522,1851.152977,1
70.61283,0,1,149.9483,6127.671061,1
69.91714,0,1,222.6609,6373.012781,1
65.68601,0,1,107.4806,5779.189603,1
18.25291,1,0,182.4762,1863.348549,1
71.36862,1,0,117.5152,6173.441338,1
67.98776,0,1,139.9816,6207.251325,1
70.30482,0,1,149.9598,6071.607482,1
57.2702,0,1,137.4686,4929.50237,1
54.53013,0,1,152.4907,4745.853799,1
4.570915,1,0,197.4725,1418.137965,1
9.915959247,0,1,114.997564,1079.012505,1
9.84141211,0,1,117.487242,1511.1388,1
5.885148,0,1,179.9476,635.2980162,1
15.05177,0,1,149.9778,1281.098493,1
3.430472,1,0,287.6427,924.9352116,1
64.92481,1,0,124.9781,5469.698389,1
4.749684,0,1,124.9607,982.9569892,1
49.59993,0,1,169.9447,4480.828708,1
38.69991,0,1,162.4538,3878.380326,1
1.201025,0,1,149.9915,540.3210772,1
26.10713,1,0,139.9861,2616.567484,1
60.36546,0,1,142.4713,5799.053123,1
1.866832,1,0,149.9707,427.8088852,1
66.09752,1,0,144.9607,5516.527396,1
13.37654004,1,0,184.963371,2155.00052,1
60.19517,0,0,235.1372,6068.879961,1
69.16679,1,0,114.9509,6259.287322,1
23.63005,1,0,152.509,2436.452255,1
58.96627,0,1,134.9509,5046.281771,1
1.413033,0,1,162.447,950.4411542,1
7.355635728,1,0,142.500692,1357.285615,1
63.41268,1,0,159.9476,5848.038669,1
14.74297,1,0,149.9741,2027.035214,1
16.68190528,1,0,175.02109,1926.295645,1
27.73225,0,1,192.4705,2588.510628,1
1.740498,0,1,169.9928,450.2597019,1
3.310281145,1,0,167.456419,556.2193844,1
64.29382,1,0,207.6094,5837.413915,1
55.02079,0,1,152.4798,4941.822921,1
5.582839,1,0,200.1465,1146.224262,1
44.99139,1,0,257.6513,5009.989918,1
12.50785,0,0,175.0048,1667.975198,1
7.368353,0,0,162.447,1379.566758,1
8.324816,1,0,92.5018,809.618878,1
58.04416,1,0,255.1336,5905.391088,1
1.586331702,0,1,129.948316,676.1747964,1
56.24647,0,1,217.4725,5086.304493,1
1.00025934,1,0,187.609354,1154.39778,1
9.183905417,1,0,124.97808,987.653655,1
51.62495,0,1,202.6362,5335.120882,1
57.20402,0,1,114.9976,4994.314339,1
71.45681,0,1,147.4421,5908.641632,1
5.129029,1,0,95.01949,794.1801028,1
20.58561,0,1,140.0049,2005.474189,1
7.387825,0,0,162.4608,1411.701061,1
65.90337,1,0,169.9447,6034.619881,1
17.71637154,0,0,149.959755,1732.013844,1
12.77495667,1,0,207.609354,1612.238384,1
46.55404,1,0,220.1185,4194.186085,1
18.09905454,0,1,147.460067,1738.098524,1
10.62816,0,1,187.6094,1847.226235,1
70.54929,0,1,232.624,6842.591894,1
59.98863,0,1,194.9768,5213.694521,1
64.22853,0,1,107.482,5777.579326,1
5.095356,0,0,114.9509,1025.488105,1
69.69574,1,0,129.9621,6529.773925,1
16.53338,0,1,262.6106,2120.151113,1
47.67411,0,1,127.4958,4088.474484,1
2.367066,1,0,232.6378,1136.589804,1
43.50453,0,1,147.4738,3874.362144,1
63.35086,1,0,217.484,5857.586167,1
43.52477,1,0,115.0021,3713.937564,1
52.20612,0,1,147.4564,4977.814552,1
63.58391,1,0,130.0064,5604.547333,1
57.50724,1,0,242.6143,5241.394025,1
68.23146,1,0,159.9349,5835.931989,1
62.99218,1,0,197.4702,6318.070535,1
18.47081,0,1,132.466,2382.03067,1
4.672610857,0,1,245.145743,1158.91369,1
41.0181,0,1,129.9621,4316.919681,1
18.75702,1,0,167.4564,1989.102456,1
44.75355,0,1,169.9741,4019.765436,1
70.43382,0,1,232.652,6669.578632,1
5.26283,1,0,127.4738,993.5285482,1
54.8376,1,0,162.4937,5015.195312,1
47.40118,1,0,142.4993,4539.773339,1
4.926111,0,1,227.4754,856.9298283,1
55.56204,1,0,194.9768,5033.743938,1
67.29135,0,1,172.4404,6356.496066,1
58.20259,1,0,160.0122,5218.302234,1
16.8649602,0,1,162.460772,2425.22825,1
56.97688,1,0,192.4705,5154.285324,1
6.86392,0,1,104.9781,1128.042592,1
70.04427,1,0,220.1185,6128.760704,1
15.12166154,0,1,149.99153,1505.903299,1
10.61246,1,0,167.4564,1190.056958,1
1.37258,1,0,187.656,680.4074741,1
69.96882,0,1,262.6106,6336.053167,1
5.679237,1,0,204.9797,895.0975786,1
56.78578,0,1,232.6378,5918.076763,1
8.353798,1,0,139.9568,1117.452708,1
11.69113,0,1,149.9378,1722.330381,1
8.979360083,1,0,200.132293,1784.759356,1
11.93299,1,0,182.4433,1758.68213,1
70.46581,1,0,232.6415,6535.516989,1
64.16746,0,1,222.6362,5889.765255,1
7.948145,1,0,164.9647,1559.056164,1
57.48138,1,0,147.4783,5062.064883,1
2.945436,0,1,265.1283,922.2317794,1
53.62789,1,0,235.1555,5605.985814,1
55.42229,0,1,169.9378,4923.409973,1
4.484822,0,1,104.9643,764.4832553,1
65.33266,1,0,172.4705,6192.141187,1
3.318059,1,0,152.4884,625.201163,1
6.38998,0,1,124.9781,599.0290899,1
28.2824,0,1,137.4836,2945.865945,1
10.06145053,1,0,199.990219,1806.970628,1
6.913925,1,0,207.4754,1536.363525,1
60.85274,0,1,204.9797,5237.251646,1
11.61657,0,1,114.9509,1454.178463,1
20.89923386,1,0,174.958118,2680.762173,1
63.52047,0,1,182.447,5789.828433,1
23.92132231,0,1,212.655686,2676.789803,1
5.173292,0,1,232.6378,1366.649837,1
16.91776871,0,1,139.9678,1754.601627,1
40.32467,0,1,182.4676,3629.658181,1
63.43072,0,1,149.9776,5679.986847,1
68.41538,0,1,117.4392,6205.418228,1
10.6052,1,0,162.497,1782.253032,1
3.660516,1,0,232.6415,998.0643375,1
2.62860278,1,0,104.992311,501.0626363,1
51.72997,1,0,172.4742,4744.535154,1
9.074838,1,0,194.9699,1097.005959,1
8.561641,1,0,184.9647,984.7206752,1
2.912281,0,1,137.4686,553.494246,1
5.597557242,1,0,120.003499,796.4331979,1
41.67396,0,1,287.6427,4168.120303,1
7.19812868,1,0,172.503404,1042.502776,1
11.90634,1,0,172.4733,1495.042007,1
67.6047,0,1,232.6415,6160.398795,1
70.60728,0,1,114.9509,6393.943282,1
4.560311,0,1,162.4653,1097.407168,1
57.86469,0,1,127.4738,5381.978758,1
12.47148,0,1,147.4421,1103.016586,1
68.87727,0,1,184.9785,6139.778068,1
65.38222,0,1,144.9607,5393.30138,1
69.27587,0,1,175.0048,6309.305361,1
6.71156,0,1,255.1665,1200.461726,1
17.22292,0,1,107.4806,1769.609462,1
51.06149,1,0,164.9785,5144.987347,1
64.05212,0,1,127.4586,5441.87637,1
60.69462,1,0,114.9976,5316.712002,1
52.17851,0,1,242.6106,5360.147757,1
54.55234,1,0,212.6415,5561.852852,1
3.883156675,1,0,200.118516,1330.988714,1
17.66747,1,0,92.45514,1966.502807,1
67.00862,0,1,149.9845,5765.925076,1
2.780924,0,1,152.5104,976.4774375,1
5.141927,0,1,182.497,708.4028154,1
2.919931,1,0,142.4713,899.976724,1
66.82161,1,0,222.6609,6471.718103,1
69.83332,1,0,129.9915,6398.841901,1
67.60865,1,0,252.6378,6222.773491,1
6.204958,0,1,104.9629,717.4865643,1
69.7539,0,1,245.1457,6419.956581,1
1.124656757,0,1,137.468591,409.5740796,1
70.2187,0,1,144.9607,5866.278162,1
68.68812,1,0,275.1198,6237.31669,1
8.201372,0,1,245.147,1822.362908,1
21.71097206,0,1,169.992756,1916.832871,1
52.04568,0,1,139.965,5082.897328,1
68.90613,1,0,164.9647,6709.021998,1
5.240131023,0,1,172.440432,1221.696817,1
55.15571,0,1,152.4907,4907.861735,1
15.54691331,0,1,147.460067,1561.767949,1
10.56737,1,0,265.1283,1524.959035,1
58.42233,0,1,227.4754,5227.179847,1
43.45813,0,1,184.9496,4408.149328,1
49.4719,1,0,182.49,4545.534432,1
50.95377,0,1,255.1665,4953.439647,1
3.367927,1,0,179.9794,722.0495418,1
70.59531,0,1,200.1185,6558.022236,1
8.574964,1,0,169.9447,1296.081512,1
66.50713,1,0,230.1344,6078.515237,1
38.2827,0,1,159.9512,3376.351709,1
19.06753,1,0,262.6106,2215.644479,1
58.26304,1,0,92.5018,4997.254175,1
4.216732972,1,0,174.969934,1107.882056,1
50.65704,0,1,217.4702,4710.662382,1
59.71984,1,0,149.9707,5322.807337,1
45.28275,0,1,207.6094,4357.22211,1
5.760318,0,1,197.6288,966.3793761,1
8.91671,1,0,179.9794,1024.783162,1
8.661116617,0,0,255.133571,1745.431051,1
16.4659765,1,0,242.657291,2065.398671,1
69.72684,1,0,124.9781,5950.964541,1
54.76926,1,0,225.1786,5252.083564,1
4.603347641,1,0,159.983006,704.6408647,1
5.78988794,1,0,194.966286,1503.682743,1
60.5753,0,1,149.9928,5626.984861,1
19.48387,1,0,194.9699,2038.974824,1
69.03829,0,1,114.9509,6204.366661,1
66.47606,0,1,225.1457,6502.025208,1
49.89893,1,0,172.5034,4503.247213,1
6.383328,1,0,217.4702,1088.018039,1
13.71891,0,1,225.1457,2259.182707,1
59.33067,1,0,169.9741,5260.956377,1
8.618298,0,1,255.1417,1470.429882,1
71.45998,1,0,144.9889,6754.410408,1
10.3444125,1,0,149.937833,1690.990907,1
71.61852,0,0,132.466,6621.09271,1
18.01409,0,1,149.9621,1885.551581,1
15.06895,1,0,175.1331,1672.336606,1
3.409799,0,1,242.6143,740.0394011,1
69.35043,0,1,157.4836,5780.643396,1
49.18219,0,1,222.6609,4756.00161,1
64.32344,1,0,167.4564,5640.198172,1
9.079335,0,1,147.4738,959.8322448,1
65.64436,0,1,105.011,5455.249378,1
61.10961,0,1,194.9663,5735.231545,1
56.56173,0,1,104.9643,5434.480078,1
64.26648,0,1,229.9931,5831.696572,1
71.53575,0,1,194.9992,6293.106347,1
5.850283,1,0,182.447,995.3738841,1
70.82444,0,1,164.9715,6551.009938,1
60.45093,0,1,142.5007,5609.120133,1
16.17631,1,0,152.4624,2123.824956,1
3.664542,1,0,127.4421,963.6972905,1
7.629943705,0,1,149.962093,954.1807838,1
10.8600084,1,0,164.978458,1932.20577,1
14.24378,1,0,187.4811,2255.363032,1
6.211504434,1,0,182.483267,745.0467839,1
1.251588197,1,0,204.961033,661.2094379,1
7.226076469,0,1,184.964681,1123.971139,1
15.07394,0,1,220.1149,2168.702608,1
71.44432,0,1,202.4433,6321.838223,1
12.70321,0,1,194.9581,1593.998248,1
37.10779,1,0,134.9509,3281.794165,1
71.4959,1,0,235.1372,7021.93656,1
15.68627,1,0,114.9658,1448.715638,1
69.2139,0,1,159.965,6095.07687,1
1.832601,1,0,132.5127,620.1308589,1
19.43430735,0,1,175.02109,2138.939088,1
56.15392,1,0,124.9643,4737.057384,1
58.80144,0,1,159.9794,5468.390333,1
6.783568,1,0,182.4653,1001.378182,1
54.01225,0,1,79.97886,4585.713564,1
69.77542,0,1,112.4551,5731.776578,1
11.10356439,0,1,222.679213,1973.661316,1
13.80323806,0,1,92.455141,1737.354579,1
2.941261,0,1,152.466,498.8080579,1
3.857491515,0,1,220.132293,939.8765686,1
54.78051,1,0,132.466,5151.21569,1
70.83916,0,1,129.9483,6453.516809,1
60.72645,0,1,187.6094,5849.257593,1
2.661310881,0,1,222.665436,1024.224748,1
55.8392,1,0,144.9889,5722.756561,1
69.02789,0,1,255.1336,6755.042431,1
71.80759,1,0,144.9607,5990.230977,1
4.736816,0,0,182.4433,1069.814443,1
11.80801038,1,0,152.510442,1784.584135,1
55.71809,1,0,184.961,5517.899709,1
5.23657,1,0,162.497,1322.686843,1
66.66268,1,0,227.4754,5905.250692,1
59.39468,0,1,192.4705,5239.323776,1
6.422331,0,1,277.6375,1316.360571,1
55.18855,0,1,149.9621,4775.621608,1
11.42508906,0,1,222.636202,1422.632058,1
18.17247008,0,1,149.959755,1707.641161,1
71.54844,0,1,204.961,6436.529978,1
14.93006551,1,0,107.48056,1727.703167,1
54.67414,0,1,164.9853,5390.477473,1
66.3883,0,1,172.4624,5753.311311,1
1.034561,1,0,127.4958,263.971695,1
5.497366828,0,1,187.46728,1243.061143,1
64.25103,1,0,107.482,5880.656131,1
63.28674,0,1,139.9349,6024.715109,1
59.56187,0,1,137.4684,5092.536093,1
21.31617,0,1,222.6792,2569.290158,1
62.89177,1,0,197.6288,5629.088178,1
56.1122,1,0,149.9621,5089.070944,1
6.386027,0,1,139.9875,1039.187211,1
8.161424,1,0,132.466,1628.254726,1
21.25517,1,0,182.4608,2320.769374,1
68.59602,0,1,159.9512,5770.359583,1
23.59578,0,1,129.9915,2632.143148,1
5.136076177,0,1,255.119794,1435.783347,1
59.52332,1,0,92.45514,5443.98404,1
4.667703398,0,1,247.664655,1621.139508,1
40.51042,1,0,174.9768,4109.749539,1
4.254025,0,1,220.1323,939.0291358,1
5.197446331,1,0,137.439154,704.9375603,1
65.33881,1,0,169.9928,5717.977095,1
3.212519,0,1,139.9349,897.8110864,1
60.59761,1,0,149.9778,5147.770743,1
44.92225,1,0,210.1518,4291.029972,1
1.556238,1,0,104.9923,498.4399198,1
68.31311,0,1,262.6106,6210.2238,1
19.93726012,0,1,182.45383,1914.400241,1
3.569000983,0,1,184.985293,742.9131016,1
4.452382314,0,1,144.988941,1244.404963,1
7.831744,0,1,159.9942,1016.19707,1
8.940085,1,0,182.4676,1204.76304,1
10.57261422,0,1,162.482694,1243.478237,1
1.764563,0,1,192.4705,602.3082109,1
61.47987,1,0,172.4579,5356.753961,1
61.29358,0,1,104.9923,5289.954359,1
5.364231,1,0,240.1149,1145.096989,1
8.909806,0,1,139.9875,1342.337702,1
3.288124191,0,1,160.00128,627.0001275,1
46.30752,0,1,127.475,3866.67814,1
45.22375,1,0,137.4392,4048.902387,1
10.90461,0,1,209.9931,1694.511052,1
14.71926,1,0,182.4762,1637.379866,1
2.017622,1,0,242.6326,816.9425462,1
5.84055678,0,1,192.470522,780.3612617,1
66.82276,0,1,152.4742,6202.942408,1
7.603445,1,0,194.9581,1112.439443,1
25.26752,1,0,159.983,2351.365618,1
2.497790261,1,0,172.470522,1178.564131,1
65.52605,0,1,152.5104,5913.125552,1
65.34077,0,1,202.4433,5614.068087,1
6.554584,1,0,127.5112,831.986868,1
59.66274,1,0,112.4551,4939.550584,1
7.48578642,0,1,127.442069,1311.269805,1
2.09202,0,1,207.6094,628.1057927,1
10.44433,0,1,147.4738,1164.755978,1
18.33393114,0,1,129.977753,2329.836404,1
13.22141934,0,1,192.456745,1398.114035,1
67.28603,1,0,162.4526,5954.978524,1
58.16576,1,0,230.1051,5399.224156,1
8.315973557,1,0,169.944668,991.7932314,1
2.462148717,1,0,192.470522,900.4043765,1
57.81671,0,1,160.0013,4930.470975,1
13.01107597,1,0,240.114868,1664.19271,1
3.588245,0,1,124.9935,452.390983,1
11.50651216,1,0,149.962093,1316.145864,1
60.1541,0,1,124.9643,4882.901543,1
6.548905,0,1,149.9845,889.2239784,1
71.31658,0,1,235.1417,6821.289567,1
71.1184,1,0,207.6094,6377.657916,1
39.72823,1,0,112.4844,3347.326138,1
65.48954,0,0,159.9656,6287.497445,1
16.64037206,0,1,142.468917,1996.643218,1
8.373701,1,0,222.6792,1362.599478,1
6.23273,0,1,172.4441,912.4311552,1
3.484000437,0,1,184.963371,1138.169594,1
69.91537,1,0,222.6326,6915.693645,1
70.50947,1,0,124.9643,5774.340454,1
4.303745101,1,0,104.97808,982.8832681,1
63.20163,0,0,162.4608,5921.944651,1
17.28550612,1,0,277.651257,2195.914801,1
12.94793,0,1,144.9607,1126.457158,1
8.825774698,1,0,217.483972,1283.000223,1
10.35779,1,0,127.4421,1612.488802,1
44.34553,0,1,124.9643,3796.689783,1
68.96214,0,1,194.9699,6084.96355,1
3.847102787,0,1,149.992756,875.8840004,1
48.26544,0,1,134.9509,4148.530189,1
64.54829,1,0,152.4579,6075.403261,1
2.389328443,1,0,182.490006,762.3743815,1
2.240146,0,1,187.656,722.8349685,1
9.473751367,0,1,217.483972,1477.859712,1
4.490588,1,0,202.65,1542.618812,1
3.000251,1,0,235.1372,1374.762505,1
10.18298,1,0,225.1457,2083.35956,1
67.11782,0,1,137.4616,5851.65666,1
62.61777,1,0,139.9512,5808.356444,1
17.63783701,0,1,172.487091,1979.490592,1
28.93788212,0,1,124.97808,2580.979643,1
3.071976,0,1,102.4746,398.8495205,1
70.27281,0,0,137.4392,5924.003898,1
56.56411,0,1,127.4958,4771.553025,1
19.26726194,0,1,174.958118,2728.767869,1
54.28465,0,1,169.9447,4681.080835,1
66.81622,0,1,235.1417,6551.623181,1
68.09161,0,1,252.624,6259.78278,1
71.36133,0,1,235.1591,6528.295974,1
53.66352,0,1,172.4555,4926.633778,1
66.49211,1,0,149.9378,6528.05337,1
9.19773,0,1,142.5007,1697.166405,1
4.459961,1,0,127.5112,545.6056589,1
69.66502,0,1,92.45514,6307.09359,1
31.32024,1,0,107.4806,3022.776148,1
12.47887,0,1,200.1652,1558.262612,1
62.44603,1,0,169.9741,5432.427022,1
9.517703088,0,1,255.141716,1302.230824,1
70.9092,0,1,139.9568,6127.202373,1
71.21314,1,0,207.6094,6386.697896,1
71.4869,0,1,179.9656,6006.935704,1
14.96367107,1,0,104.964303,1964.775503,1
71.59439,0,1,127.4887,6018.175438,1
1.763317472,0,1,127.460067,746.9528584,1
61.84801,1,0,184.9647,5526.487954,1
18.81173,0,1,160.0013,1956.709597,1
17.96501147,1,0,232.622804,2299.047664,1
8.458573247,0,1,157.483594,908.0504522,1
70.62907,0,1,127.475,6045.138773,1
70.64083,1,0,127.4887,6146.916544,1
10.92247392,0,1,162.446995,1668.779606,1
66.42219,0,1,242.6435,6104.958036,1
62.36767,0,1,242.6106,6211.970512,1
10.11019941,0,1,82.496547,923.420908,1
7.5636,0,1,187.656,1183.25467,1
51.73474,1,0,104.9629,4461.641644,1
57.56332,0,1,242.6326,5610.807336,1
7.821554,0,1,270.1604,2022.556285,1
58.54344,0,1,242.6435,5519.682788,1
51.9647,0,1,154.9755,5185.231247,1
49.64838,1,0,192.4404,4558.993397,1
11.31382,0,1,115.0021,1391.452254,1
10.39421,1,0,129.9621,1776.755229,1
51.59161,0,1,182.4833,4484.747789,1
13.0257,0,1,172.4871,1481.549539,1
50.7426,0,1,207.6386,4865.980872,1
11.90088632,1,0,154.961766,1831.930109,1
67.97028,0,1,127.4958,5805.233954,1
63.86048,0,1,192.4567,5460.847751,1
50.49273,0,1,127.4601,4702.945848,1
55.27064,1,0,144.9607,4606.446472,1
58.50038,0,1,194.9882,5264.752684,1
66.63279,1,0,159.9476,6335.387515,1
65.77898,1,0,127.4586,5756.842503,1
3.263347,1,0,149.9778,659.0331885,1
25.72493,1,0,124.9781,2354.102724,1
3.955928538,1,0,197.483972,1260.12789,1
2.977062,0,1,139.965,1002.753144,1
11.32725,1,0,139.9792,1537.25042,1
2.65459,0,0,202.4433,479.1497047,1
3.172425,0,1,172.5104,456.0822503,1
18.08688,0,1,147.4601,1676.80832,1
6.30655,1,0,139.983,1165.890091,1
27.0293,1,0,220.1185,2794.920011,1
69.54666,1,0,159.9349,6101.070814,1
69.348,0,1,167.4564,5799.124998,1
61.78014,0,1,147.4564,5900.543943,1
57.25068,1,0,134.9801,4941.36404,1
5.881307,0,1,105.011,686.2608911,1
69.84899,0,1,222.6654,6433.080677,1
7.881289,0,1,174.9768,1303.89059,1
9.24589,0,1,79.97886,804.9040342,1
68.50196,1,0,140.0013,6515.441262,1
68.98508,1,0,159.9512,6176.702519,1
65.38821,0,1,219.9902,6084.157683,1
10.4843853,0,1,159.965008,1325.529732,1
7.83307,1,0,235.1417,1742.049983,1
62.46827,0,1,222.6326,6240.770429,1
2.680333,0,1,124.9781,352.0824182,1
2.411712843,1,0,197.516854,704.7552669,1
62.23314,1,0,149.9447,5773.964084,1
14.66847,1,0,184.9715,1880.004543,1
19.73065009,0,1,172.47417,2095.858312,1
8.710976,0,1,184.9496,1450.84591,1
13.17849974,0,1,147.478341,1328.747604,1
64.94288,1,0,139.9568,5539.851767,1
69.96694,0,1,149.9845,6101.954062,1
57.76658,1,0,192.4404,5250.409842,1
51.61804,0,1,232.6415,4716.06213,1
71.04194,0,1,252.624,6462.182186,1
61.70273,1,0,137.4836,5930.301451,1
67.20907,1,0,255.1336,6764.539694,1
1.366478,1,0,210.127,634.6246024,1
60.98712,0,1,184.9634,5985.552522,1
58.42415,0,1,159.9512,4918.504071,1
2.159586,1,0,184.9634,1110.767158,1
44.15083,0,1,162.5005,3988.109354,1
5.113589,1,0,129.9483,1241.024324,1
3.084418,1,0,147.4783,558.9941784,1
47.9937,1,0,172.4441,4366.897142,1
48.14443,0,1,139.9512,4524.487668,1
7.833185,0,1,129.9763,1051.602727,1
67.0795,0,1,232.6228,6157.745923,1
16.53708435,1,0,104.962874,1643.91894,1
51.4383,1,0,245.175,5231.660184,1
10.52249,1,0,159.9349,1256.923905,1
52.66362,0,1,119.9897,4648.186854,1
7.296904,0,1,164.967,1343.619348,1
24.26165,0,1,157.4698,2013.177858,1
6.324505,1,0,104.9629,842.4625146,1
3.861708438,0,1,129.977753,853.1123448,1
69.86605,1,0,185.0077,6519.120707,1
13.21733,0,1,230.1051,1599.616413,1
8.509962,0,1,124.9781,848.1445109,1
15.24536909,0,1,210.12704,1857.751688,1
41.72903,0,1,165.0182,4110.601155,1
62.63117,0,1,169.9378,5393.505389,1
69.5048,0,1,165.0113,6205.183353,1
45.55911,0,1,137.4698,4149.514153,1
62.16781,0,1,277.6513,6126.605256,1
7.220079,0,1,147.4783,787.3445005,1
6.492246879,0,1,154.975543,1526.166139,1
2.613920398,0,1,194.976769,609.6168115,1
65.45306,1,0,187.4811,6374.103135,1
66.10268,1,0,184.9634,6641.027483,1
9.162445307,1,0,179.965581,993.6031859,1
12.98383,1,0,184.967,1551.900975,1
65.62921,0,1,79.97886,5389.491157,1
59.9737,1,0,107.4958,5615.5589,1
47.94936,0,1,179.9794,4073.89846,1
38.36776,0,1,240.1149,3805.559709,1
9.30555,1,0,172.4579,1204.289565,1
47.91787,0,0,119.9568,4869.334092,1
8.526865,0,1,179.9476,902.9358857,1
2.149435,1,0,179.9656,557.9519675,1
67.23058,0,1,187.6094,6365.24676,1
39.52545,0,1,124.9607,3807.283723,1
6.027061,0,1,204.9797,761.3473324,1
58.3075,1,0,159.9942,5338.721765,1
13.02184,1,0,114.9658,1343.149177,1
68.36641,0,1,92.48802,5665.272905,1
6.195470215,1,0,275.119794,1124.637958,1
50.77358,1,0,139.9816,4560.745226,1
58.15209,1,0,179.9476,5087.470766,1
65.1302,0,1,197.484,6468.116177,1
42.82102,1,0,137.4978,3862.289881,1
9.553290527,1,0,245.145743,1599.874839,1
50.80026,0,1,197.4876,4626.844847,1
67.73639,1,0,222.6326,6667.024092,1
21.67433467,0,1,182.467607,2230.633867,1
4.594946825,0,1,132.466002,1196.617394,1
26.27061,1,0,114.9838,2405.424259,1
14.80349,1,0,192.4705,1661.346466,1
55.30151,0,1,144.9607,4737.074812,1
11.36757,1,0,210.1051,1915.881708,1
44.97976,1,0,177.6508,4309.116061,1
42.59461,1,0,174.9919,3866.102336,1
55.24695,0,1,149.9776,4815.434176,1
27.98865,0,1,104.9643,2679.775265,1
4.997365436,0,1,162.465269,1154.892024,1
60.97619,1,0,210.127,5659.896946,1
69.02836,1,0,174.9882,6658.685288,1
48.76309,1,0,129.9926,4409.527019,1
10.6312597,0,1,129.959755,1720.167182,1
52.67702,1,0,222.6326,5441.651124,1
5.750643,0,1,117.5015,657.9643336,1
36.24048,0,1,222.65,3667.746982,1
48.5611,0,1,229.9931,4346.836338,1
64.87699,1,0,174.9618,5807.811165,1
19.6447,1,0,124.9781,1657.906578,1
69.37615,0,1,200.1185,6661.40216,1
61.5999,1,0,169.9671,5579.99579,1
66.969,1,0,184.9496,6428.811386,1
58.15583,0,1,245.1283,5974.298824,1
6.663036,1,0,162.447,1292.032339,1
50.85526,1,0,147.4783,4382.709253,1
63.86178,1,0,162.4982,5809.15662,1
3.816472249,0,1,152.44408,1208.458932,1
60.95034,1,0,154.9618,5824.155057,1
48.95286,1,0,102.4746,4246.521336,1
45.82823,0,1,214.9663,4165.246664,1
43.47717,1,0,162.4526,3935.280548,1
66.84316,0,1,202.4433,5817.135191,1
4.579843,0,1,127.4738,983.1469135,1
60.89236,1,0,152.4579,5879.484066,1
9.151527,0,1,230.1051,1396.341948,1
70.77383,0,1,147.4601,5943.959339,1
63.47674,1,0,137.4836,5861.996544,1
68.4792,1,0,164.967,6471.220737,1
5.698156,1,0,235.1591,1325.472004,1
50.30932,1,0,172.4871,4858.775977,1
1.670971726,1,0,149.948316,271.4934362,1
11.16076,1,0,124.9607,1663.235204,1
57.87341,1,0,220.1149,5655.25061,1
57.18462,1,0,162.5119,5066.909377,1
69.70761,0,1,152.4798,6161.795039,1
1.776605,1,0,149.9621,495.3955859,1
50.68244,0,1,220.1323,4744.550399,1
70.25821,1,0,152.4579,6690.800209,1
3.737401,1,0,240.1149,1010.521133,1
71.67026,0,1,210.1051,6953.434775,1
15.84051,1,0,160.0122,1698.617842,1
7.010189312,1,0,179.965581,914.8863272,1
59.21096,0,1,184.961,5824.726674,1
3.83138,1,0,162.5007,538.9921729,1
52.27228,1,0,237.6549,5608.519136,1
54.04993,0,1,172.4885,4981.747627,1
65.08131,0,1,114.9728,5291.934219,1
64.12634,0,1,139.983,5849.463694,1
61.96895,0,1,204.9496,5474.602288,1
59.94097,1,0,124.9781,5143.298984,1
68.59473,0,1,199.9902,6749.102107,1
61.33997,0,1,194.9768,5270.685618,1
39.83368,0,1,137.4684,3419.03694,1
20.22924,0,1,127.4601,2166.207365,1
61.11248,1,0,172.4404,5894.713365,1
9.248419,1,0,242.6106,1792.520072,1
7.041709,1,0,215.1591,1771.091615,1
9.734064703,0,1,200.132293,1755.645123,1
5.962119,0,1,287.6427,1288.594508,1
11.84082,0,0,152.466,1318.102379,1
3.147832,0,1,159.9642,562.8048829,1
67.4011,0,1,152.4579,6322.394651,1
10.50792,1,0,149.9621,1335.96148,1
68.93162,0,1,164.967,6623.719418,1
61.0588,0,1,157.4698,5209.85908,1
8.666281,1,0,157.4836,1062.367672,1
56.736,0,1,139.9512,5176.004699,1
64.49513,1,0,152.4579,6309.663687,1
5.14486,1,0,139.9568,841.9569184,1
67.78399,0,1,230.1051,6028.793302,1
45.59475,1,0,159.9476,4652.920592,1
58.01836,1,0,242.6326,5472.923809,1
9.176772,0,1,184.9496,1523.800316,1
5.011735021,0,1,190.159922,847.9561126,1
9.190009376,1,0,255.137219,1577.915603,1
8.813715,0,1,129.9621,1426.604038,1
59.81234,0,1,104.9629,5111.961455,1
60.57969,0,1,159.983,5228.606985,1
8.611218573,1,0,220.118516,1261.554565,1
8.137267032,0,1,179.947583,1118.73994,1
48.79391,0,1,139.965,4663.083428,1
60.88203,0,1,197.6288,5495.323342,1
64.27877,0,1,124.9781,5236.118143,1
19.84947,1,0,92.45514,2063.325487,1
59.11937,1,0,220.1185,5322.673552,1
52.71022,0,1,262.6106,4943.594438,1
63.09122,0,1,182.4608,5405.598202,1
1.786765,0,1,235.1417,1318.882817,1
8.850426839,1,0,119.95684,1456.887443,1
7.661226872,0,1,92.488023,583.0259559,1
71.32593,1,0,262.6106,6516.704569,1
5.389466,0,1,142.4526,1322.429941,1
6.933201,1,0,232.6415,1279.335621,1
14.34766616,1,0,120.004928,1885.939118,1
49.11678,0,1,204.9634,4563.3631,1
1.649887,1,0,137.5165,490.5057336,1
69.13737,0,1,242.6326,6481.198108,1
51.58906,0,1,177.6508,4774.105626,1
11.81853,1,0,112.4844,1247.347617,1
12.75071284,0,1,182.467607,1427.321538,1
11.20643,1,0,159.9642,1452.316701,1
5.929212,1,0,222.65,1062.121627,1
10.07469,1,0,147.4564,1527.978319,1
54.22814,0,1,232.6228,5333.340832,1
36.98095,0,1,220.1323,3668.332806,1
26.01552533,0,1,230.105118,2601.095159,1
68.54375,1,0,147.4421,6042.586728,1
64.62378,1,0,257.6513,6689.478561,1
1.923729,0,1,149.9778,577.0059283,1
59.60557,1,0,127.4421,5648.297688,1
71.84893,1,0,177.4876,6678.820787,1
4.187033385,0,1,157.469817,437.8833399,1
1.789830613,1,0,204.963371,616.51937,1
2.932159225,0,1,107.481989,700.6270933,1
62.8196,1,0,172.4848,5593.760801,1
62.42321,0,1,169.9378,5335.845074,1
6.025694,1,0,152.4798,892.5309234,1
7.439569893,1,0,125.007314,890.4483344,1
63.69896,1,0,114.9509,5740.41201,1
62.04664,1,0,114.9509,5754.564928,1
7.495947,0,1,169.9447,826.366889,1
1.78963,1,0,119.9568,816.0468833,1
7.931439645,1,0,204.963371,1262.007891,1
11.61194,0,1,230.1344,1648.220152,1
70.92476,0,1,139.9349,6483.348101,1
50.09435,1,0,194.9581,4561.818178,1
47.17599,0,1,127.4421,4404.023519,1
69.46803,0,1,127.5112,5791.217393,1
66.9541,1,0,217.4725,6002.159687,1
3.680185,1,0,137.4392,587.7258611,1
2.526565,1,0,114.9728,449.1682295,1
14.1687,1,0,245.1457,2031.234186,1
7.21126107,0,1,179.947583,879.6579171,1
4.893221514,1,0,207.475448,1284.442486,1
62.09112,1,0,92.5018,5399.269987,1
3.089663,1,0,149.9778,634.9659165,1
6.896176,0,1,182.4653,896.9821918,1
67.96008,1,0,230.1051,6140.731914,1
71.59338,0,1,207.6094,6230.543177,1
16.24273454,1,0,160.00128,1656.731409,1
4.98152586,0,1,207.609354,849.1972541,1
8.571860106,0,1,104.97808,1170.35317,1
11.26136,0,1,152.4798,1263.915496,1
18.85404,0,1,207.4673,1985.001327,1
7.904120653,0,1,115.002061,892.0207872,1
5.395611,0,1,230.1051,1122.653549,1
62.67368,0,1,159.9656,5772.977508,1
11.86797,1,0,242.6143,1597.444059,1
54.23273,1,0,252.624,4968.719293,1
62.64968,1,0,104.9781,5812.078197,1
29.68889421,0,1,149.97755,2674.084451,1
11.48773622,1,0,137.487242,1096.780158,1
5.656086,0,1,152.5022,859.2099751,1
58.01097,1,0,172.5104,4996.932332,1
65.0113,1,0,139.9568,5675.878459,1
5.792794,0,1,129.9621,1110.224942,1
3.872474,1,0,204.9496,892.5015342,1
53.80449,1,0,184.9647,4813.13127,1
14.77367,0,1,137.4978,1600.620121,1
68.69263,1,0,177.6508,6246.264685,1
71.3757,1,0,169.9741,6129.316509,1
55.87684,1,0,139.9792,5065.133843,1
9.343807204,0,1,162.493654,1241.311162,1
4.14274,0,1,220.1615,1012.974384,1
5.505247606,0,1,245.174977,1339.709597,1
61.59036,1,0,207.6094,5441.578168,1
71.82981,0,1,177.4945,6873.906816,1
62.24788,1,0,104.9781,5848.006408,1
17.02059,1,0,147.4601,1544.583357,1
71.91339,0,1,184.9496,6957.206381,1
42.15567,1,0,147.4421,3726.308369,1
1.992846597,0,1,137.469817,718.7685676,1
6.592291,0,1,137.4392,646.3090606,1
6.086525665,1,0,139.99789,840.1259162,1
14.59541,1,0,192.4885,1493.681751,1
14.04985628,0,1,154.991856,2072.078593,1
9.984220981,1,0,102.474625,1040.400476,1
60.1501,0,1,140.0013,5758.657128,1
61.50313,0,1,162.4713,5419.934519,1
63.86407,0,1,152.466,5382.496895,1
42.31348,0,1,202.65,4405.254802,1
66.96136,0,1,245.1283,6469.578976,1
62.23897,1,0,139.9512,5806.10196,1
13.61148,0,1,199.9902,2072.299479,1
3.048345,0,1,144.9607,577.9768805,1
4.784022,1,0,124.9781,499.2698644,1
49.40819,0,1,162.4833,4826.083597,1
61.85144,1,0,139.9349,5813.907009,1
2.661325529,0,1,162.468917,380.7222437,1
45.18454,0,1,184.9963,4081.555041,1
70.53117,1,0,140.0013,6599.191565,1
6.981941,0,1,159.9794,1403.290023,1
5.291754183,1,0,169.967067,877.7050261,1
50.58158,0,1,127.4887,4531.04303,1
15.49078,0,1,174.9581,2175.607761,1
70.62164,0,1,242.6106,6772.978906,1
4.629362,0,1,194.9992,801.1054209,1
26.74209,0,1,245.147,3121.880615,1
15.10612,1,0,107.4958,2006.056116,1
51.27317,0,1,159.9476,4927.165029,1
68.37019,0,1,267.6427,6752.652755,1
64.25108,0,1,147.4564,6018.487781,1
69.88786,0,1,162.4653,6442.923528,1
4.534721,1,0,172.4555,761.9139877,1
50.89715,0,1,229.9931,4646.442659,1
65.04247,0,1,187.6422,5709.211479,1
65.4294,0,1,172.5034,5671.821266,1
64.59202,1,0,230.1051,5890.989702,1
3.688657724,0,1,159.951231,557.4590468,1
53.82086,0,1,149.9378,5060.874121,1
70.71182,0,1,182.447,5993.09022,1
43.91775,1,0,92.5018,3739.86651,1
8.83974,1,0,162.4689,959.4182525,1
6.408823,0,1,132.5127,874.6357853,1
7.965702,0,1,190.1737,1311.801862,1
5.526815,0,1,162.4538,1233.655272,1
23.22012,0,1,199.9902,2884.562817,1
1.914386255,1,0,134.950905,272.9823095,1
58.50824,0,1,149.9621,5214.115508,1
62.86179,1,0,204.961,5675.905105,1
58.8721,0,1,157.4836,5045.935401,1
2.667736094,1,0,134.980139,548.9193645,1
41.36314,1,0,255.1417,4048.983361,1
36.28161,0,1,275.1198,3570.28345,1
12.23362353,1,0,230.105118,1632.365102,1
69.88681,1,0,132.4798,6537.94242,1
54.57985,1,0,210.1518,5157.76159,1
59.33259,0,1,112.4551,4930.400921,1
3.56722345,1,0,95.005709,617.4480514,1
21.47001,1,0,127.4738,2342.458997,1
70.7555,0,1,255.1336,7081.306842,1
9.543016,1,0,167.4564,953.6134686,1
47.60481,1,0,275.1336,4546.718887,1
1.210715,0,1,159.965,347.446058,1
12.173,1,0,149.9447,1619.686288,1
9.820011726,0,1,159.947583,1596.707755,1
2.255314,0,0,162.4526,520.7155239,1
65.13745,0,1,184.9647,5807.53439,1
3.99954,0,1,127.4738,837.2390946,1
51.34296,0,1,232.6228,4965.237046,1
9.709171662,0,1,157.469817,921.1401066,1
69.32327,1,0,184.9797,6518.166442,1
48.44746,0,1,192.4404,4246.327693,1
10.25226518,0,1,149.988989,1303.670531,1
10.91916339,1,0,197.494455,1428.608241,1
63.66597,0,1,240.1149,5843.100552,1
8.0239,1,0,157.4698,867.8924387,1
57.94445,1,0,232.6707,5528.483995,1
4.839337,1,0,182.447,833.2996999,1
5.70629,1,0,152.4624,1306.002586,1
54.65479,1,0,117.4858,5016.831193,1
67.74157,0,1,220.1323,6119.939852,1
59.14141,1,0,232.6378,5940.651428,1
1.456262249,0,1,184.961033,906.2735981,1
57.04917,0,1,104.9629,4856.597445,1
6.564797,1,0,257.6513,1801.105672,1
66.59912,1,0,139.965,6176.784118,1
55.22442,0,1,94.97283,5156.063895,1
61.91778,0,1,222.6362,5672.644392,1
15.85774,0,1,149.989,1756.414097,1
71.14876,1,0,225.1786,6597.462528,1
13.81356,1,0,147.4421,1438.080654,1
1.324008,0,1,117.4835,284.4922663,1
4.610249,1,0,184.9634,1403.371015,1
69.22914,0,1,252.624,6261.739568,1
2.905283283,0,1,102.474625,558.2340556,1
10.28430068,0,1,255.155493,1616.908193,1
16.7433,1,0,245.147,2536.53749,1
63.19406,0,1,235.1884,6003.720515,1
66.08159,0,1,235.1417,6457.917933,1
4.969544,1,0,194.9663,1345.940597,1
9.634946079,0,1,127.488728,1083.610268,1
13.79138076,1,0,127.442069,1659.769248,1
7.668017,1,0,214.9525,1139.028165,1
41.17585,0,1,134.9801,3561.612414,1
51.57289,1,0,172.4705,5245.572739,1
61.18403,0,1,187.4847,5502.689262,1
13.59261,1,0,210.1518,1803.186158,1
69.14535,1,0,127.5112,5938.865925,1
7.533801,1,0,172.5034,1151.972963,1
42.72759,1,0,184.9634,4529.902067,1
66.49134,1,0,159.9349,5751.088702,1
55.76858,0,1,187.6422,5150.603073,1
8.932053699,1,0,167.456419,1197.180331,1
64.43912,0,1,107.4806,5577.385772,1
2.266934,1,0,212.6415,1214.128652,1
52.55441,0,1,147.4783,4767.338494,1
24.3036064,1,0,194.958118,2419.797484,1
48.48324,1,0,114.9728,4482.710196,1
10.59224,1,0,245.1457,1601.761071,1
70.63238,0,0,147.4421,6061.485299,1
68.7415,0,1,175.1331,6000.14462,1
54.55457,0,1,162.4713,4826.3573,1
7.283366,1,0,139.9512,1185.85182,1
62.59775,0,1,92.45514,5712.520809,1
1.796607335,1,0,207.475448,971.697137,1
70.85782,0,1,162.4653,6607.644904,1
3.810228199,1,0,130.006414,780.2278932,1
18.88610542,0,1,82.496547,1797.14783,1
46.21777,0,1,192.4705,4042.881848,1
8.802527803,1,0,117.468591,1317.520342,1
63.13788,1,0,252.624,5864.873198,1
70.37667,0,1,210.127,6179.8226,1
6.92143,1,0,157.4698,820.9054953,1
52.88029,0,1,192.4404,4721.018056,1
5.288444,1,0,144.9889,1399.307542,1
56.37261,0,1,140.0049,4852.53915,1
63.28097,0,0,114.9728,5414.545503,1
2.451256489,0,1,225.178625,910.9230162,1
58.77685,1,0,194.9768,5210.637512,1
68.30662,1,0,159.9349,6101.654993,1
56.3686,0,1,267.6647,5502.195694,1
30.1778,0,1,230.1051,2978.208092,1
71.12548,1,0,159.983,6386.654255,1
57.81039,0,1,230.1344,5445.458747,1
12.91538,1,0,217.4702,1524.881001,1
16.08388872,0,1,182.446995,1544.501137,1
44.68507,1,0,124.9607,4212.149496,1
1.668767,0,1,169.9447,512.8321486,1
31.81602,0,1,129.9763,2977.360531,1
71.60143,0,1,182.4676,6100.606692,1
48.52168,0,1,127.4601,4486.430136,1
14.86376,1,0,202.6362,2089.529125,1
5.924783,0,1,159.9349,880.8737878,1
12.27603,1,0,114.9838,1251.456656,1
55.2092,1,0,182.4676,5017.628209,1
47.20955,1,0,232.6415,4421.565715,1
56.56535,1,0,130.0064,5078.641529,1
53.63969,1,0,129.9483,4982.535602,1
1.669639,0,1,194.9744,498.5585239,1
60.34404,0,1,169.9447,5089.775857,1
4.837990763,1,0,162.468917,715.3186358,1
48.42652,0,1,252.6378,4463.168123,1
6.136751688,1,0,174.988208,1553.937724,1
16.66607,0,1,117.4686,1876.277402,1
53.25801,1,0,159.983,4609.33258,1
3.459881,0,1,149.9741,971.0579616,1
44.60874,0,1,147.4738,3777.403759,1
51.83082,0,0,245.175,4969.876754,1
46.98814,0,1,147.4783,4089.200279,1
58.65554,0,1,129.9598,5400.888902,1
65.9999,0,1,112.4844,5604.566058,1
67.16748,0,1,162.4608,6185.878482,1
43.3907,0,1,187.4673,4334.844433,1
2.14479,0,1,104.9781,951.0274665,1
8.275832,1,0,237.6549,2019.213435,1
3.024806192,1,0,137.483594,847.1259509,1
52.76138,0,1,187.656,4782.472018,1
15.84313,1,0,172.4871,1945.615058,1
11.46566243,1,0,120.004928,1549.605718,1
51.43424,0,1,169.9447,4422.020076,1
10.31129,0,0,179.9794,1128.898886,1
13.70911,1,0,124.9607,1868.762719,1
50.89975,1,0,220.1323,4657.315652,1
66.65664,1,0,105.011,5616.475997,1
11.19005,0,1,117.4835,1380.517356,1
22.25056,0,1,182.4608,2162.669491,1
18.44435,0,1,129.9598,2182.755951,1
7.637611,0,1,159.9875,951.5719456,1
1.479514,1,0,117.4686,773.2252534,1
6.935335786,1,0,129.977753,1197.080651,1
64.91577,1,0,187.656,5902.115401,1
57.3396,0,1,207.4754,5648.31533,1
64.28134,1,0,210.127,5975.890408,1
61.50205,1,0,149.9778,5275.613898,1
8.734707597,1,0,147.503078,1143.017435,1
62.95177,0,1,137.4836,5918.124559,1
4.576705489,0,1,149.970715,703.2651223,1
25.43212,1,0,252.6378,2864.553994,1
63.90801,0,1,162.4689,5627.198878,1
7.394788,1,0,265.1283,1449.160419,1
18.94429,1,0,210.138,2087.462333,1
59.9755,0,1,175.0048,5770.027634,1
5.599131,1,0,137.4616,721.4679959,1
8.079294,1,0,245.132,1403.556394,1
57.54686,1,0,162.4538,5413.975477,1
9.260977,1,0,114.9728,1012.08426,1
4.597088,0,1,124.9607,909.4363783,1
5.003409,0,1,197.6288,1106.910603,1
16.43691,0,1,149.9447,2026.924358,1
51.40304,0,1,162.447,4835.577166,1
64.17623,0,1,192.4705,5462.625983,1
8.939477,0,1,154.9755,1588.984136,1
6.63265,1,0,222.6281,1761.873779,1
1.4946,1,0,255.1555,1004.770111,1
45.03776,1,0,172.4733,4231.43285,1
2.80856,0,1,149.9621,585.3561113,1
5.18336,1,0,152.466,655.4429632,1
51.85047,1,0,149.9915,4794.939338,1
71.30636,0,1,120.0035,6233.777957,1
12.00948,0,1,287.6427,1885.394921,1
53.89174,1,0,159.9349,4729.092575,1
9.217596711,0,1,184.978458,1265.78479,1
9.688639,0,1,207.6094,1409.932665,1
64.91343,0,1,160.0122,5617.036978,1
19.43267321,1,0,172.47417,1884.50089,1
60.72007,0,1,192.4885,5385.46775,1
71.25511,1,0,187.4811,6754.429939,1
69.87194,0,1,124.9607,6112.379667,1
55.49975,1,0,192.4885,5021.065195,1
68.33384,0,1,124.9643,5570.802113,1
3.769989038,1,0,242.632554,857.6130334,1
70.23949,1,0,172.4624,6484.787518,1
2.050742411,1,0,149.991327,655.3814577,1
9.705809585,1,0,152.510442,1559.323963,1
10.40415,1,0,127.5067,1277.028074,1
6.403708,1,0,225.1457,1649.105838,1
14.28406007,0,1,172.470522,1887.699697,1
17.92442,1,0,192.4404,1903.138739,1
21.19498,0,0,235.1591,2458.677481,1
6.791156,0,1,179.9476,797.3327965,1
12.75395,0,1,202.4433,1438.364422,1
4.135827839,1,0,159.965581,1066.632555,1
7.32906366,0,1,190.12704,1751.02003,1
66.81169,1,0,172.4579,5824.416954,1
5.527407,1,0,174.9919,974.4325376,1
5.219974,0,1,149.9778,570.5832494,1
42.80596,0,1,255.1336,4784.796994,1
9.339307484,1,0,144.960655,941.291001,1
55.61318,0,1,114.9658,4656.349658,1
58.40629,1,0,182.447,5179.837965,1
55.20008,0,1,182.4833,4826.319401,1
3.895605,1,0,112.4551,506.5377808,1
63.28078,0,1,187.656,5611.622091,1
71.74549,1,0,147.4783,6122.640412,1
65.9038,0,1,182.4538,5840.003407,1
